R_init,NR_init,M_init,MR_init,KDM5A_init,H4_init,H0_init,PRC2_init,H27_init,KDM6A_init,KMT_init
6.588723439378913,-6.341923905652157e-19,6.588723439378913,43.41127656062109,834.476580474927,0.02040740432369243,5.702083452742585,45.277509142933724,44.277509142933724,1.2244814475606167,1.2244814475606167
