R_init,NR_init,M_init,MR_init,KDM5A_init,H4_init,H0_init,PRC2_init,H27_init,KDM6A_init,KMT_init
6.588723439378914,1.018997615698019e-16,6.588723439378912,43.41127656062109,218.05638280310546,0.0017431252935372413,0.15290890136598692,549.2988277067452,49.84534797334047,1.027890004696596,1.0191743782289095
