R_init,NR_init,M_init,MR_init,KDM5A_init,H4_init,H0_init,PRC2_init,H27_init,KDM6A_init,KMT_init
6.588723439378911,1.1161370792489279e-16,6.588723439378914,43.41127656062108,640.9056222720012,0.02674146295665179,0.13243189176107625,798.4532263245163,49.84082664528227,1.2941560925231697,1.2941560925231697
