R_init,NR_init,M_init,MR_init,KDM5A_init,H4_init,H0_init,PRC2_init,H27_init,KDM6A_init,KMT_init
6.588723439378913,1.0198241482482475e-16,6.588723439378913,43.41127656062109,218.05638280310546,0.0035268447895162405,0.3087768686373935,796.0031405851694,49.687696286573086,1.0387952926846786,1.0211610687370976
