R_init,NR_init,M_init,MR_init,KDM5A_init,H4_init,H0_init,PRC2_init,H27_init,KDM6A_init,KMT_init
6.588723439378912,-2.2180580210965877e-17,6.588723439378914,43.41127656062109,218.05638280310546,0.019057142701562547,1.9425599911552,49.03838286614324,48.03838286614324,1.209628569717188,1.3049142832250007
