R_init,NR_init,M_init,MR_init,KDM5A_init,H4_init,H0_init,PRC2_init,H27_init,KDM6A_init,KMT_init
6.588723439378912,-5.883296151693862e-17,6.588723439378914,43.41127656062109,418.28023509154025,0.0878732709651233,9.867356271347916,441.49247503455655,40.04477045768696,1.0878732709651233,1.52723962579074
