R_init,NR_init,M_init,MR_init,KDM5A_init,H4_init,H0_init,PRC2_init,H27_init,KDM6A_init,KMT_init
6.588723439378913,1.885357844874532e-19,6.588723439378913,43.41127656062109,218.05638280310546,0.002410386757594816,0.10627733402176473,799.2609964675303,49.89131227922064,1.0385661881215171,1.0385661881215171
