R_init,NR_init,M_init,MR_init,KDM5A_init,H4_init,H0_init,PRC2_init,H27_init,KDM6A_init,KMT_init
6.588723439378913,-2.0536493946625286e-16,6.588723439378912,43.41127656062109,391.70148904558977,0.13270240706627798,0.45890014997340484,297.45038465776196,49.40839744296032,1.132702407066278,1.132702407066278
