R_init,NR_init,M_init,MR_init,KDM5A_init,H4_init,H0_init,PRC2_init,H27_init,KDM6A_init,KMT_init
6.588723439378914,-3.6361106167401516e-17,6.588723439378912,43.41127656062109,218.05638280310546,0.0011534673450808984,0.1506474880107808,549.3301894910854,49.84819904464413,1.01268814079589,1.0184554775212944
