R_init,NR_init,M_init,MR_init,KDM5A_init,H4_init,H0_init,PRC2_init,H27_init,KDM6A_init,KMT_init
6.5887234393789145,1.1491378868068574e-16,6.588723439378911,43.41127656062109,44.41127656062109,0.006121923930571,0.20633026961204423,299.7252868387443,49.78754780645738,1.006121923930571,1.067341163236281
