R_init,NR_init,M_init,MR_init,KDM5A_init,H4_init,H0_init,PRC2_init,H27_init,KDM6A_init,KMT_init
6.588723439378913,8.201635542818459e-17,6.588723439378913,43.41127656062109,451.07385202941873,0.02572957630802192,3.370776578429325,47.603493845262655,46.603493845262655,1.411673220928351,1.411673220928351
