R_init,NR_init,M_init,MR_init,KDM5A_init,H4_init,H0_init,PRC2_init,H27_init,KDM6A_init,KMT_init
6.588723439378914,1.461191655715594e-16,6.588723439378912,43.41127656062109,774.0904030388771,0.026713830145528826,11.73439477052575,421.6278053926159,38.23889139932872,1.2938521316008171,1.427421282328461
