R_init,NR_init,M_init,MR_init,KDM5A_init,H4_init,H0_init,PRC2_init,H27_init,KDM6A_init,KMT_init
6.588723439378913,1.1529719532580424e-17,6.588723439378913,43.41127656062109,391.7014890455898,0.002905737082809779,0.23161498895759572,548.4202720135555,49.76547927395959,1.0464917933249565,1.0319631079109075
