R_init,NR_init,M_init,MR_init,KDM5A_init,H4_init,H0_init,PRC2_init,H27_init,KDM6A_init,KMT_init
6.588723439378911,-2.97297128596617e-16,6.5887234393789145,43.41127656062109,218.05638280310544,0.0017481269141264484,0.30555915052652866,796.0830835609495,49.69269272255934,1.027970030626023,1.0104887614847586
