R_init,NR_init,M_init,MR_init,KDM5A_init,H4_init,H0_init,PRC2_init,H27_init,KDM6A_init,KMT_init
6.588723439378912,3.805810625692158e-17,6.588723439378914,43.41127656062109,391.7014890455898,0.022822618729413765,1.651216744282269,49.32596063698832,48.32596063698832,1.3651618996706203,1.1369357123764827
