R_init,NR_init,M_init,MR_init,KDM5A_init,H4_init,H0_init,PRC2_init,H27_init,KDM6A_init,KMT_init
6.588723439378912,5.274934196824881e-17,6.588723439378914,43.41127656062109,218.05638280310546,0.023362543166554676,1.6616580434915624,49.31497941334188,48.31497941334188,1.373800690664875,1.2569879748321013
