R_init,NR_init,M_init,MR_init,KDM5A_init,H4_init,H0_init,PRC2_init,H27_init,KDM6A_init,KMT_init
6.588723439378912,-1.1542212221739966e-17,6.5887234393789145,43.41127656062109,218.05638280310544,0.022139345075496468,2.174558678426006,48.8033019764985,47.8033019764985,1.3542295212079436,1.3542295212079436
