R_init,NR_init,M_init,MR_init,KDM5A_init,H4_init,H0_init,PRC2_init,H27_init,KDM6A_init,KMT_init
6.588723439378911,1.2324715335272146e-16,6.588723439378914,43.41127656062108,218.05638280310544,0.002587286285023799,0.43881570411022514,546.1445671056523,49.55859700960475,1.0155237177101428,1.0413965805603806
