R_init,NR_init,M_init,MR_init,KDM5A_init,H4_init,H0_init,PRC2_init,H27_init,KDM6A_init,KMT_init
6.588723439378912,-5.584882579626427e-19,6.588723439378913,43.41127656062109,391.7014890455898,0.001287646913791903,0.10443908747903462,799.3083722497147,49.89427326560717,1.0206023506206705,1.014164116051711
