R_init,NR_init,M_init,MR_init,KDM5A_init,H4_init,H0_init,PRC2_init,H27_init,KDM6A_init,KMT_init
6.588723439378911,-2.732658617705762e-18,6.588723439378914,43.41127656062108,1133.3441478938414,0.10818698890563627,0.4489690878775954,297.6570635393006,49.44284392321677,1.1081869889056364,2.7309918224901804
