R_init,NR_init,M_init,MR_init,KDM5A_init,H4_init,H0_init,PRC2_init,H27_init,KDM6A_init,KMT_init
6.58872343937891,-1.9828225533440245e-16,6.5887234393789145,43.41127656062109,456.2063468172443,0.028638797544726143,2.3413683996275063,48.62999280282777,47.62999280282777,1.4582207607156183,1.1718327852683568
