R_init,NR_init,M_init,MR_init,KDM5A_init,H4_init,H0_init,PRC2_init,H27_init,KDM6A_init,KMT_init
6.588723439378914,-4.7358681819766163e-17,6.588723439378912,43.41127656062109,640.2190678319304,0.061539378325688364,0.23494486440620616,547.738673329949,49.7035157572681,1.0615393783256883,1.676933161582572
