R_init,NR_init,M_init,MR_init,KDM5A_init,H4_init,H0_init,PRC2_init,H27_init,KDM6A_init,KMT_init
6.588723439378912,-2.8739925698878994e-17,6.588723439378914,43.41127656062109,711.1733727946829,0.0915900091061231,0.5967109917361361,789.987183986524,49.31169899915775,2.0074901001673537,1.091590009106123
