R_init,NR_init,M_init,MR_init,KDM5A_init,H4_init,H0_init,PRC2_init,H27_init,KDM6A_init,KMT_init
6.588723439378913,9.861720693007763e-18,6.588723439378913,43.41127656062109,44.41127656062109,0.0445045122562342,1.2635616215808847,49.691933866162884,48.691933866162884,1.0445045122562342,1.2670270735374052
