R_init,NR_init,M_init,MR_init,KDM5A_init,H4_init,H0_init,PRC2_init,H27_init,KDM6A_init,KMT_init
6.588723439378914,-1.1545265260627347e-16,6.588723439378912,43.41127656062109,44.41127656062109,0.004558256894701032,0.1201997758838206,549.6276616394363,49.87524196722148,1.0729321103152165,1.027349541368206
