R_init,NR_init,M_init,MR_init,KDM5A_init,H4_init,H0_init,PRC2_init,H27_init,KDM6A_init,KMT_init
6.5887234393789145,3.961709560461286e-17,6.588723439378911,43.41127656062109,44.41127656062109,0.009627618283928734,0.34303301186735247,795.3574299175795,49.647339369848716,1.1540418925428597,1.0096276182839288
