R_init,NR_init,M_init,MR_init,KDM5A_init,H4_init,H0_init,PRC2_init,H27_init,KDM6A_init,KMT_init
6.588723439378914,-3.61299466225788e-17,6.588723439378912,43.41127656062109,391.7014890455898,0.014183659956170418,1.8565411282947428,49.12927521174909,48.12927521174909,1.1560202595178746,1.2269385592987267
