R_init,NR_init,M_init,MR_init,KDM5A_init,H4_init,H0_init,PRC2_init,H27_init,KDM6A_init,KMT_init
6.588723439378912,-8.908591142839954e-17,6.588723439378914,43.41127656062109,218.05638280310546,0.0023518017465418563,0.3049348729374602,796.083413205056,49.692713325316,1.0258698192119604,1.0258698192119604
