R_init,NR_init,M_init,MR_init,KDM5A_init,H4_init,H0_init,PRC2_init,H27_init,KDM6A_init,KMT_init
6.588723439378913,-8.976397570062583e-17,6.588723439378913,43.41127656062109,44.41127656062109,0.012237379355782715,0.22013199325838217,299.605783764315,49.767630627385834,1.0734242761346964,1.0122373793557826
