R_init,NR_init,M_init,MR_init,KDM5A_init,H4_init,H0_init,PRC2_init,H27_init,KDM6A_init,KMT_init
6.588723439378912,-1.1562873385223687e-16,6.588723439378914,43.41127656062109,391.7014890455898,0.0038510337589307835,0.2983899328493384,796.1641445342677,49.69775903339173,1.0038510337589308,1.0616165401428925
