R_init,NR_init,M_init,MR_init,KDM5A_init,H4_init,H0_init,PRC2_init,H27_init,KDM6A_init,KMT_init
6.588723439378914,-2.099687620690595e-17,6.588723439378912,43.41127656062109,608.2573773728107,0.03446712528127465,10.94543341774821,430.22109402667564,39.02009945697051,1.2068027516876478,1.5514740045003943
