R_init,NR_init,M_init,MR_init,KDM5A_init,H4_init,H0_init,PRC2_init,H27_init,KDM6A_init,KMT_init
6.5887234393789145,6.405126944955812e-17,6.588723439378911,43.41127656062109,391.70148904558977,0.011381107775535967,1.62441468861657,49.3642042036079,48.3642042036079,1.011381107775536,1.1251921855308955
