R_init,NR_init,M_init,MR_init,KDM5A_init,H4_init,H0_init,PRC2_init,H27_init,KDM6A_init,KMT_init
6.588723439378911,-1.0648190556635883e-16,6.5887234393789145,43.41127656062109,44.41127656062109,0.014849310483903418,0.34579747443987074,795.2296514412196,49.63935321507623,1.1633424153229377,1.1633424153229377
