R_init,NR_init,M_init,MR_init,KDM5A_init,H4_init,H0_init,PRC2_init,H27_init,KDM6A_init,KMT_init
6.588723439378913,-7.542595461238115e-17,6.588723439378913,43.41127656062109,673.2217147886234,0.0525776703697777,21.795399755326866,169.91213544582013,28.152022574303356,1.3154660222186663,1.3154660222186663
