R_init,NR_init,M_init,MR_init,KDM5A_init,H4_init,H0_init,PRC2_init,H27_init,KDM6A_init,KMT_init
6.588723439378914,-1.5946783976290697e-17,6.588723439378912,43.41127656062109,466.97619296983163,0.055361418843634234,0.16067654781114463,797.5433925335236,49.783962033345226,1.0553614188436342,1.6089756072799763
