R_init,NR_init,M_init,MR_init,KDM5A_init,H4_init,H0_init,PRC2_init,H27_init,KDM6A_init,KMT_init
6.588723439378914,3.2057844184268268e-18,6.588723439378913,43.41127656062109,44.41127656062109,0.002249316057372427,0.07810405663227048,799.7143460369657,49.91964662731036,1.0134958963442346,1.0359890569179588
