R_init,NR_init,M_init,MR_init,KDM5A_init,H4_init,H0_init,PRC2_init,H27_init,KDM6A_init,KMT_init
6.5887234393789145,3.077635814898043e-17,6.588723439378912,43.41127656062109,218.05638280310544,0.003733916240267539,0.16134378937246102,798.3587567101964,49.834922294387276,1.0597426598442805,1.0597426598442805
