R_init,NR_init,M_init,MR_init,KDM5A_init,H4_init,H0_init,PRC2_init,H27_init,KDM6A_init,KMT_init
6.588723439378913,-6.095488198783548e-17,6.588723439378913,43.41127656062109,391.7014890455898,0.14113288158312284,10.350119802045333,435.5962204800869,39.50874731637154,1.1411328815831228,3.2581261053299655
