R_init,NR_init,M_init,MR_init,KDM5A_init,H4_init,H0_init,PRC2_init,H27_init,KDM6A_init,KMT_init
6.58872343937891,-2.7213412766564165e-17,6.5887234393789145,43.41127656062109,778.5287398427711,0.02230604331467859,11.294968876967197,426.5099758768994,38.682725079718125,1.2453664764614645,1.2453664764614645
