R_init,NR_init,M_init,MR_init,KDM5A_init,H4_init,H0_init,PRC2_init,H27_init,KDM6A_init,KMT_init
6.588723439378913,-7.615165008994325e-17,6.588723439378913,43.41127656062109,44.41127656062109,0.0029909674354226946,0.07959945964456024,799.6785531667202,49.917409572920015,1.0329006417896498,1.0179458046125363
