R_init,NR_init,M_init,MR_init,KDM5A_init,H4_init,H0_init,PRC2_init,H27_init,KDM6A_init,KMT_init
6.588723439378912,4.062124211568344e-18,6.588723439378914,43.41127656062109,391.7014890455898,0.03904407958156521,7.558437334589404,43.40251858582903,42.40251858582903,1.6247052733050433,1.2342644774893912
