R_init,NR_init,M_init,MR_init,KDM5A_init,H4_init,H0_init,PRC2_init,H27_init,KDM6A_init,KMT_init
6.5887234393789145,1.0366376846012286e-16,6.588723439378911,43.41127656062109,391.70148904558977,0.0053961928075775215,1.2489185892701653,49.74568521792225,48.74568521792225,1.0323771568454652,1.0323771568454652
