R_init,NR_init,M_init,MR_init,KDM5A_init,H4_init,H0_init,PRC2_init,H27_init,KDM6A_init,KMT_init
6.588723439378912,-3.2987920343700434e-17,6.588723439378914,43.41127656062109,218.05638280310546,0.002387797373989988,0.2080129084362726,299.7375957651384,49.789599294189735,1.0143267842439398,1.0262657711138898
