R_init,NR_init,M_init,MR_init,KDM5A_init,H4_init,H0_init,PRC2_init,H27_init,KDM6A_init,KMT_init
6.588723439378913,-1.8578255976414982e-18,6.588723439378912,43.41127656062109,432.89312006829664,0.03152835009912427,7.00112419686264,43.967347453038236,42.967347453038236,1.5044536015859882,1.1891701005947455
