R_init,NR_init,M_init,MR_init,KDM5A_init,H4_init,H0_init,PRC2_init,H27_init,KDM6A_init,KMT_init
6.588723439378912,-1.267197980905679e-16,6.588723439378914,43.41127656062109,391.7014890455898,0.003574757308154565,0.8362095566123645,295.96129411647684,49.160215686079475,1.0571961169304729,1.0214485438489274
