R_init,NR_init,M_init,MR_init,KDM5A_init,H4_init,H0_init,PRC2_init,H27_init,KDM6A_init,KMT_init
6.588723439378913,-2.4845516280649177e-16,6.588723439378913,43.41127656062109,640.9781347389916,0.02623329554083569,0.11843756577881236,798.6852662188857,49.855329138680354,1.1573997732450143,1.4197327286533712
