R_init,NR_init,M_init,MR_init,KDM5A_init,H4_init,H0_init,PRC2_init,H27_init,KDM6A_init,KMT_init
6.588723439378913,-7.285768013023491e-17,6.588723439378913,43.41127656062109,44.41127656062109,0.003037242409520066,0.10419564912063572,799.2842737355176,49.89276710846985,1.0182234544571203,1.048595878552321
