R_init,NR_init,M_init,MR_init,KDM5A_init,H4_init,H0_init,PRC2_init,H27_init,KDM6A_init,KMT_init
6.588723439378911,3.9297599485333026e-17,6.5887234393789145,43.41127656062109,585.4280315132498,0.02870976070067251,13.23412536828489,405.1088135811588,36.73716487101444,1.4593561712107603,1.0287097607006725
