R_init,NR_init,M_init,MR_init,KDM5A_init,H4_init,H0_init,PRC2_init,H27_init,KDM6A_init,KMT_init
6.588723439378912,-3.7249654329726323e-16,6.588723439378914,43.41127656062109,391.7014890455898,0.0739786306290763,0.15976458241701913,548.4288246564929,49.7662567869539,1.0739786306290762,1.8137649369198392
