R_init,NR_init,M_init,MR_init,KDM5A_init,H4_init,H0_init,PRC2_init,H27_init,KDM6A_init,KMT_init
6.5887234393789145,2.7607505016815753e-17,6.588723439378911,43.41127656062109,391.70148904558977,0.005900580615336407,1.288249655015521,49.70584976436914,48.70584976436914,1.0649063867687003,1.0944092898453825
