R_init,NR_init,M_init,MR_init,KDM5A_init,H4_init,H0_init,PRC2_init,H27_init,KDM6A_init,KMT_init
6.588723439378914,-9.604076265399557e-17,6.588723439378912,43.41127656062109,391.7014890455898,0.0019301317819862998,0.15694985017819124,798.4579202886371,49.84112001803982,1.0308821085117807,1.0115807906919179
