R_init,NR_init,M_init,MR_init,KDM5A_init,H4_init,H0_init,PRC2_init,H27_init,KDM6A_init,KMT_init
6.588723439378913,-1.5053923602663572e-18,6.588723439378913,43.41127656062109,391.7014890455898,0.02314675351237379,1.5175897157341578,49.459263530753475,48.459263530753475,1.2546142886361118,1.2546142886361118
