R_init,NR_init,M_init,MR_init,KDM5A_init,H4_init,H0_init,PRC2_init,H27_init,KDM6A_init,KMT_init
6.588723439378913,-3.620217934237485e-17,6.588723439378914,43.41127656062109,391.7014890455898,0.04026213283034509,7.748357427192728,676.3820870396308,42.21138043997693,1.2415727969820707,1.2415727969820707
