R_init,NR_init,M_init,MR_init,KDM5A_init,H4_init,H0_init,PRC2_init,H27_init,KDM6A_init,KMT_init
6.588723439378911,-2.94217319091245e-17,6.5887234393789145,43.41127656062109,467.20223133552844,0.0351645362306813,0.1356657572847245,549.1208667713305,49.82916970648459,1.2109872173840879,1.2109872173840879
