R_init,NR_init,M_init,MR_init,KDM5A_init,H4_init,H0_init,PRC2_init,H27_init,KDM6A_init,KMT_init
6.588723439378913,-2.5193736231005143e-17,6.588723439378913,43.41127656062109,715.555055785202,0.05877313964902923,17.55587018638976,195.31214004376727,32.38535667396121,1.0587731396490292,1.9403702343844678
