R_init,NR_init,M_init,MR_init,KDM5A_init,H4_init,H0_init,PRC2_init,H27_init,KDM6A_init,KMT_init
6.588723439378912,5.0020750117331274e-17,6.588723439378914,43.41127656062109,218.05638280310546,0.01043191365106938,0.40936856458291143,298.4811971305961,49.58019952176602,1.0104319136510693,1.16691061841711
