R_init,NR_init,M_init,MR_init,KDM5A_init,H4_init,H0_init,PRC2_init,H27_init,KDM6A_init,KMT_init
6.588723439378912,-9.438593263611446e-18,6.588723439378913,43.41127656062109,44.41127656062109,0.006739170482682775,0.1648001853805939,549.113067085504,49.828460644136726,1.1078267277229243,1.1078267277229243
