R_init,NR_init,M_init,MR_init,KDM5A_init,H4_init,H0_init,PRC2_init,H27_init,KDM6A_init,KMT_init
6.588723439378912,-5.557794597367013e-19,6.588723439378914,43.41127656062109,218.05638280310546,0.12617648979086,7.028350591514148,686.5275666991199,42.845472918694995,1.12617648979086,2.3879413876994597
