R_init,NR_init,M_init,MR_init,KDM5A_init,H4_init,H0_init,PRC2_init,H27_init,KDM6A_init,KMT_init
6.588723439378913,-7.325400111093712e-18,6.588723439378913,43.41127656062109,218.05638280310546,0.02190434845968891,0.9815404249873005,294.97933135931805,48.996555226553006,1.240947833056578,1.0219043484596888
