R_init,NR_init,M_init,MR_init,KDM5A_init,H4_init,H0_init,PRC2_init,H27_init,KDM6A_init,KMT_init
6.588723439378914,-3.652988403710868e-17,6.588723439378912,43.41127656062109,743.2375189291402,0.1043039760219099,14.74209303562306,387.68963287190536,35.15360298835503,1.6258238561314593,1.1043039760219098
