R_init,NR_init,M_init,MR_init,KDM5A_init,H4_init,H0_init,PRC2_init,H27_init,KDM6A_init,KMT_init
6.588723439378913,5.563695570703368e-17,6.588723439378913,43.41127656062109,391.7014890455898,0.0029057122993831667,0.44591905250056896,546.0629275872005,49.55117523520005,1.0319628352932146,1.0464913967901308
