R_init,NR_init,M_init,MR_init,KDM5A_init,H4_init,H0_init,PRC2_init,H27_init,KDM6A_init,KMT_init
6.588723439378912,7.467047180952004e-17,6.588723439378914,43.41127656062109,431.6926699400237,0.026840042492564685,7.245902530123792,684.6361188381384,42.72725742738365,1.161040254955388,1.2952404674182114
