R_init,NR_init,M_init,MR_init,KDM5A_init,H4_init,H0_init,PRC2_init,H27_init,KDM6A_init,KMT_init
6.588723439378912,1.1501687551951156e-16,6.588723439378914,43.41127656062109,218.05638280310546,0.057448731149894905,0.11846496328528246,549.064949361213,49.82408630556482,1.0574487311498948,1.0574487311498948
