R_init,NR_init,M_init,MR_init,KDM5A_init,H4_init,H0_init,PRC2_init,H27_init,KDM6A_init,KMT_init
6.588723439378913,3.489931032061804e-17,6.588723439378913,43.41127656062109,44.41127656062109,0.0029909654978266657,0.10416723598760638,799.2854687762331,49.89284179851457,1.01794579298696,1.0329006204760933
