R_init,NR_init,M_init,MR_init,KDM5A_init,H4_init,H0_init,PRC2_init,H27_init,KDM6A_init,KMT_init
6.588723439378914,1.8616200688648898e-17,6.588723439378912,43.41127656062109,391.7014890455898,0.003933038643608021,0.31010498574898315,795.9753916097185,49.685961975607405,1.0432634250796882,1.0432634250796882
