R_init,NR_init,M_init,MR_init,KDM5A_init,H4_init,H0_init,PRC2_init,H27_init,KDM6A_init,KMT_init
6.588723439378913,7.921701738545452e-17,6.588723439378913,43.41127656062109,448.95436363291094,0.052569486137445255,3.7678343479014575,47.1795961659611,46.1795961659611,1.5782643475118978,1.3154169168246717
