R_init,NR_init,M_init,MR_init,KDM5A_init,H4_init,H0_init,PRC2_init,H27_init,KDM6A_init,KMT_init
6.5887234393789145,-4.559101419618681e-17,6.588723439378912,43.41127656062109,218.05638280310544,0.010776224198318553,1.6234442350519218,49.36577954074976,48.36577954074976,1.0107762241983185,1.172419587173097
