R_init,NR_init,M_init,MR_init,KDM5A_init,H4_init,H0_init,PRC2_init,H27_init,KDM6A_init,KMT_init
6.588723439378913,-2.0358084515975532e-17,6.588723439378913,43.41127656062109,218.05638280310546,0.007467260084561347,1.2187979240435396,49.7737348158719,48.7737348158719,1.0074672600845613,1.082139860930175
