R_init,NR_init,M_init,MR_init,KDM5A_init,H4_init,H0_init,PRC2_init,H27_init,KDM6A_init,KMT_init
6.588723439378912,7.098825107079175e-18,6.5887234393789145,43.41127656062109,44.41127656062109,0.08829980797299165,1.3164890875561064,49.5952111044709,48.5952111044709,1.0882998079729918,2.4127969275678667
