R_init,NR_init,M_init,MR_init,KDM5A_init,H4_init,H0_init,PRC2_init,H27_init,KDM6A_init,KMT_init
6.588723439378911,-5.1643438008309374e-17,6.5887234393789145,43.41127656062109,218.05638280310544,0.007625935757360599,0.32217951028932523,795.723112863253,49.670194553953316,1.0838852933309666,1.0838852933309666
