R_init,NR_init,M_init,MR_init,KDM5A_init,H4_init,H0_init,PRC2_init,H27_init,KDM6A_init,KMT_init
6.588723439378912,-5.289842055444542e-18,6.588723439378914,43.41127656062109,1136.2680962011814,0.04102470584345755,0.3212014837837661,547.0155119141006,49.63777381037278,1.451271764278033,1.451271764278033
