R_init,NR_init,M_init,MR_init,KDM5A_init,H4_init,H0_init,PRC2_init,H27_init,KDM6A_init,KMT_init
6.588723439378912,8.523055311910603e-17,6.588723439378914,43.41127656062109,44.41127656062109,0.014291821701853369,0.3345788536222429,298.90677594805544,49.65112932467591,1.2286691472296538,1.1572100387203872
