R_init,NR_init,M_init,MR_init,KDM5A_init,H4_init,H0_init,PRC2_init,H27_init,KDM6A_init,KMT_init
6.588723439378914,3.1117507203205793e-16,6.588723439378912,43.41127656062109,44.41127656062109,0.022623544839200854,0.49076133684381623,545.3527663014868,49.48661511831698,1.1357412690352051,1.2488589932312093
