R_init,NR_init,M_init,MR_init,KDM5A_init,H4_init,H0_init,PRC2_init,H27_init,KDM6A_init,KMT_init
6.588723439378913,2.6336949334287346e-17,6.588723439378913,43.41127656062109,44.41127656062109,0.008669190173541227,0.22324391567533927,548.4489558356623,49.76808689415112,1.0086691901735412,1.0520151410412475
