R_init,NR_init,M_init,MR_init,KDM5A_init,H4_init,H0_init,PRC2_init,H27_init,KDM6A_init,KMT_init
6.588723439378912,3.543999968527326e-17,6.588723439378914,43.41127656062109,662.8412786678908,0.02986237720155538,5.491648036319902,45.478489586478545,44.478489586478545,1.1791742632093323,1.477798035224886
