R_init,NR_init,M_init,MR_init,KDM5A_init,H4_init,H0_init,PRC2_init,H27_init,KDM6A_init,KMT_init
6.588723439378913,-3.110665700650609e-18,6.588723439378914,43.41127656062109,391.7014890455898,0.002781170146149644,0.4393183651587332,546.1369051116462,49.557900464695116,1.0166870208768979,1.0166870208768979
