R_init,NR_init,M_init,MR_init,KDM5A_init,H4_init,H0_init,PRC2_init,H27_init,KDM6A_init,KMT_init
6.588723439378913,2.3608954580526813e-17,6.588723439378913,43.41127656062109,44.41127656062109,0.02872583419998157,0.39746518686669824,298.4428538735999,49.57380897893332,1.459613347199705,1.3159841761997972
