R_init,NR_init,M_init,MR_init,KDM5A_init,H4_init,H0_init,PRC2_init,H27_init,KDM6A_init,KMT_init
6.588723439378914,1.4156964578995624e-17,6.588723439378912,43.41127656062109,749.4351400061782,0.09310649620262983,14.13352840773852,394.50701605664733,35.773365096058846,1.5586389772157792,2.024171458228928
