R_init,NR_init,M_init,MR_init,KDM5A_init,H4_init,H0_init,PRC2_init,H27_init,KDM6A_init,KMT_init
6.588723439378914,-1.030523144546533e-16,6.588723439378912,43.41127656062109,218.05638280310544,0.02550310047371159,1.0128491452168853,294.7698865258564,48.9616477543094,1.2805341052108274,1.1530186028422695
