R_init,NR_init,M_init,MR_init,KDM5A_init,H4_init,H0_init,PRC2_init,H27_init,KDM6A_init,KMT_init
6.588723439378914,3.487866830415935e-17,6.588723439378912,43.41127656062109,641.1287823573671,0.016783254595569615,0.09775808304899541,799.167338597687,49.88545866235544,1.268532073529114,1.1006995275734177
