R_init,NR_init,M_init,MR_init,KDM5A_init,H4_init,H0_init,PRC2_init,H27_init,KDM6A_init,KMT_init
6.588723439378914,1.3157245114278391e-19,6.588723439378913,43.41127656062109,839.3288439234182,0.02001638605451174,5.217248126162654,45.762735487782834,44.762735487782834,1.1200983163270706,1.3202621768721878
