R_init,NR_init,M_init,MR_init,KDM5A_init,H4_init,H0_init,PRC2_init,H27_init,KDM6A_init,KMT_init
6.588723439378912,-1.0459689498751998e-16,6.588723439378914,43.41127656062109,44.41127656062109,0.015328266347771452,0.5049644060589548,545.276780603526,49.479707327593275,1.1686109298254859,1.0919695980866289
