R_init,NR_init,M_init,MR_init,KDM5A_init,H4_init,H0_init,PRC2_init,H27_init,KDM6A_init,KMT_init
6.588723439378914,1.0956060593986147e-16,6.588723439378912,43.41127656062109,1074.369347245814,0.048502535369094095,7.135849242495473,43.81564822213543,42.81564822213543,1.533527889060035,1.533527889060035
