R_init,NR_init,M_init,MR_init,KDM5A_init,H4_init,H0_init,PRC2_init,H27_init,KDM6A_init,KMT_init
6.588723439378914,5.692448602654509e-17,6.588723439378912,43.41127656062109,391.7014890455898,0.0019025209588835214,0.15328828549736373,549.2929011289813,49.84480919354375,1.0304403353421363,1.0209277305477187
