R_init,NR_init,M_init,MR_init,KDM5A_init,H4_init,H0_init,PRC2_init,H27_init,KDM6A_init,KMT_init
6.5887234393789145,8.136058662936612e-17,6.588723439378911,43.41127656062109,44.41127656062109,0.026191900277230146,0.17213754996024921,548.8183760473877,49.80167054976252,1.1571514016633808,1.4190704044356826
