R_init,NR_init,M_init,MR_init,KDM5A_init,H4_init,H0_init,PRC2_init,H27_init,KDM6A_init,KMT_init
6.588723439378913,-2.2315595124766613e-18,6.588723439378913,43.41127656062109,218.05638280310546,0.0717551660039535,2.296910110894089,48.63133472310196,47.63133472310196,1.4305309960237211,1.4305309960237211
