R_init,NR_init,M_init,MR_init,KDM5A_init,H4_init,H0_init,PRC2_init,H27_init,KDM6A_init,KMT_init
6.588723439378913,-6.935568162785961e-17,6.588723439378913,43.41127656062109,391.7014890455898,0.002639416898134564,0.8034972319168245,296.1631801071103,49.193863351185044,1.0158365013888073,1.042230670370153
