R_init,NR_init,M_init,MR_init,KDM5A_init,H4_init,H0_init,PRC2_init,H27_init,KDM6A_init,KMT_init
6.58872343937891,3.740638672831729e-18,6.5887234393789145,43.41127656062109,218.05638280310546,0.11743041356437381,0.22915477243223342,298.9204888840204,49.6534148140034,1.1174304135643738,1.1174304135643738
