R_init,NR_init,M_init,MR_init,KDM5A_init,H4_init,H0_init,PRC2_init,H27_init,KDM6A_init,KMT_init
6.5887234393789145,-3.6754790820155664e-17,6.588723439378911,43.41127656062109,391.70148904558977,0.002821074196517362,0.445516760013673,546.0682838236879,49.55166216578981,1.031031816161691,1.0169264451791042
