R_init,NR_init,M_init,MR_init,KDM5A_init,H4_init,H0_init,PRC2_init,H27_init,KDM6A_init,KMT_init
6.588723439378912,1.0845054269936679e-16,6.588723439378914,43.41127656062109,218.05638280310546,0.0037338999366164534,0.31500324326898727,795.9002057087102,49.68126285679439,1.0597423989858632,1.0597423989858632
