R_init,NR_init,M_init,MR_init,KDM5A_init,H4_init,H0_init,PRC2_init,H27_init,KDM6A_init,KMT_init
6.5887234393789145,-2.779992265814682e-17,6.588723439378912,43.41127656062109,44.41127656062109,0.044497850571826064,1.5325327295632916,49.422969419864884,48.422969419864884,1.2669871034309563,1.044497850571826
