R_init,NR_init,M_init,MR_init,KDM5A_init,H4_init,H0_init,PRC2_init,H27_init,KDM6A_init,KMT_init
6.58872343937891,7.236848331015804e-17,6.588723439378915,43.41127656062109,620.78887891163,0.06517256673298041,9.66157782241456,444.00574571937705,40.27324961085246,1.0651725667329803,1.7168982340627845
