R_init,NR_init,M_init,MR_init,KDM5A_init,H4_init,H0_init,PRC2_init,H27_init,KDM6A_init,KMT_init
6.588723439378914,1.800483128394388e-18,6.588723439378912,43.41127656062109,391.7014890455898,0.03216987594838278,0.12208250410151968,798.5319619192015,49.845747619950096,1.1930192556902968,1.0321698759483828
