R_init,NR_init,M_init,MR_init,KDM5A_init,H4_init,H0_init,PRC2_init,H27_init,KDM6A_init,KMT_init
6.588723439378912,8.743971112977982e-17,6.588723439378914,43.41127656062109,716.6556740754974,0.05249577306040876,17.452085723948844,195.97251101794447,32.495418502990745,1.0524957730604088,1.3149746383624528
