R_init,NR_init,M_init,MR_init,KDM5A_init,H4_init,H0_init,PRC2_init,H27_init,KDM6A_init,KMT_init
6.588723439378913,-2.295812217385484e-19,6.588723439378913,43.41127656062109,1041.7415487864193,0.05841692519741035,6.605579092080619,694.3760637235515,43.33600398272197,1.0584169251974105,1.9346708031585658
