R_init,NR_init,M_init,MR_init,KDM5A_init,H4_init,H0_init,PRC2_init,H27_init,KDM6A_init,KMT_init
6.588723439378911,-2.4743602022434e-17,6.5887234393789145,43.41127656062109,218.05638280310544,0.013041507330228026,0.5222713587978102,545.1115584725916,49.46468713387196,1.2086641172836485,1.143456580632508
