R_init,NR_init,M_init,MR_init,KDM5A_init,H4_init,H0_init,PRC2_init,H27_init,KDM6A_init,KMT_init
6.588723439378913,1.0685906365394772e-17,6.588723439378913,43.41127656062109,44.41127656062109,0.015308695387616481,0.5043739113389193,297.88190435964077,49.48031739327347,1.2449391262018636,1.0918521723256989
