R_init,NR_init,M_init,MR_init,KDM5A_init,H4_init,H0_init,PRC2_init,H27_init,KDM6A_init,KMT_init
6.588723439378913,7.762452313452847e-17,6.588723439378913,43.41127656062109,391.7014890455898,0.0017943711771041368,0.2801292303400085,299.30845839089733,49.718076398482886,1.0287099388336662,1.0287099388336662
