R_init,NR_init,M_init,MR_init,KDM5A_init,H4_init,H0_init,PRC2_init,H27_init,KDM6A_init,KMT_init
6.588723439378913,-7.48551611276764e-17,6.588723439378913,43.41127656062109,391.7014890455898,0.005544213293197936,0.8392072246791614,295.93149137216585,49.15524856202764,1.0609863462251772,1.0609863462251772
