R_init,NR_init,M_init,MR_init,KDM5A_init,H4_init,H0_init,PRC2_init,H27_init,KDM6A_init,KMT_init
6.588723439378913,-1.1772906522255591e-17,6.588723439378913,43.41127656062109,640.9490507969427,0.022655285368461814,0.12783236436095888,798.5921976043293,49.84951235027058,1.24920813905308,1.1359317122107708
