R_init,NR_init,M_init,MR_init,KDM5A_init,H4_init,H0_init,PRC2_init,H27_init,KDM6A_init,KMT_init
6.588723439378914,5.594479135791544e-17,6.588723439378912,43.41127656062109,44.41127656062109,0.018292653712108333,0.48666172837984234,297.9702737074483,49.49504561790805,1.2012191908331915,1.0182926537121084
