R_init,NR_init,M_init,MR_init,KDM5A_init,H4_init,H0_init,PRC2_init,H27_init,KDM6A_init,KMT_init
6.588723439378911,-2.0894413569604269e-16,6.5887234393789145,43.41127656062109,391.7014890455898,0.004015652622756037,0.31634322401368925,795.8742579738168,49.67964112336355,1.0642504419640966,1.0441721788503162
