R_init,NR_init,M_init,MR_init,KDM5A_init,H4_init,H0_init,PRC2_init,H27_init,KDM6A_init,KMT_init
6.5887234393789145,-3.584539318315116e-17,6.588723439378912,43.41127656062109,594.084023441735,0.04497835647380179,9.478514764297168,446.2415756715194,40.476506879229035,1.0449783564738018,1.7196537035808286
