R_init,NR_init,M_init,MR_init,KDM5A_init,H4_init,H0_init,PRC2_init,H27_init,KDM6A_init,KMT_init
6.588723439378912,1.7671578841230924e-17,6.588723439378914,43.41127656062109,391.7014890455898,0.009601707746630602,2.755391505960402,48.23500678629296,47.23500678629296,1.1536273239460895,1.1056187852129367
