R_init,NR_init,M_init,MR_init,KDM5A_init,H4_init,H0_init,PRC2_init,H27_init,KDM6A_init,KMT_init
6.588723439378914,5.421628490756401e-19,6.588723439378912,43.41127656062109,712.7779387949327,0.07461384721126647,17.817741177854447,193.6458698496057,32.10764497493429,1.0746138472112665,1.8207523193239312
