R_init,NR_init,M_init,MR_init,KDM5A_init,H4_init,H0_init,PRC2_init,H27_init,KDM6A_init,KMT_init
6.588723439378912,1.4004427351457292e-16,6.588723439378913,43.41127656062108,218.05638280310544,0.0035246669545103927,0.1527847413407813,798.4990494672753,49.84369059170471,1.0035246669545104,1.0563946712721661
