R_init,NR_init,M_init,MR_init,KDM5A_init,H4_init,H0_init,PRC2_init,H27_init,KDM6A_init,KMT_init
6.588723439378913,-2.4738161913194168e-17,6.588723439378913,43.41127656062109,838.6752246414552,0.03611756539941967,20.16563339487622,179.78949423834615,29.798249039724357,1.216705392396518,1.216705392396518
