R_init,NR_init,M_init,MR_init,KDM5A_init,H4_init,H0_init,PRC2_init,H27_init,KDM6A_init,KMT_init
6.588723439378914,7.068628185605839e-17,6.588723439378912,43.41127656062109,391.7014890455898,0.04125667949074365,2.3343023727285908,48.62444094778066,47.62444094778066,1.4538234743981802,1.4538234743981802
