R_init,NR_init,M_init,MR_init,KDM5A_init,H4_init,H0_init,PRC2_init,H27_init,KDM6A_init,KMT_init
6.5887234393789145,1.3145171350027734e-16,6.588723439378911,43.41127656062109,391.7014890455898,0.0014043397944402197,0.11375988474301339,549.733193530088,49.88483577546255,1.0154477377388424,1.0154477377388424
