R_init,NR_init,M_init,MR_init,KDM5A_init,H4_init,H0_init,PRC2_init,H27_init,KDM6A_init,KMT_init
6.588723439378912,1.395665965439584e-16,6.588723439378914,43.41127656062109,391.7014890455898,0.04449409462379397,0.16685975734647718,548.6751076283269,49.78864614802973,1.4894350408617336,1.0444940946237942
