R_init,NR_init,M_init,MR_init,KDM5A_init,H4_init,H0_init,PRC2_init,H27_init,KDM6A_init,KMT_init
6.588723439378914,-3.9979955110689073e-19,6.588723439378912,43.41127656062109,566.8683460137408,0.0403842163642233,14.926244390005571,386.3670853299322,35.0333713936302,1.6461474618275727,1.2423052981853397
