R_init,NR_init,M_init,MR_init,KDM5A_init,H4_init,H0_init,PRC2_init,H27_init,KDM6A_init,KMT_init
6.588723439378913,-2.0030714464306505e-18,6.588723439378913,43.41127656062109,391.7014890455898,0.012161371192640422,2.562953303799907,48.42488532500745,47.42488532500745,1.0729682271558425,1.1337750831190445
