R_init,NR_init,M_init,MR_init,KDM5A_init,H4_init,H0_init,PRC2_init,H27_init,KDM6A_init,KMT_init
6.588723439378913,-2.787009204789725e-17,6.588723439378913,43.41127656062109,391.7014890455898,0.03603857329542758,0.13625325530106877,549.1047898854385,49.8277081714035,1.2162314397725655,1.0360385732954276
