R_init,NR_init,M_init,MR_init,KDM5A_init,H4_init,H0_init,PRC2_init,H27_init,KDM6A_init,KMT_init
6.588723439378912,-5.2030644753883495e-17,6.588723439378914,43.41127656062109,391.7014890455898,0.004081683488604624,1.2393827653778324,49.75653555113356,48.75653555113356,1.0244901009316278,1.0448985183746509
