R_init,NR_init,M_init,MR_init,KDM5A_init,H4_init,H0_init,PRC2_init,H27_init,KDM6A_init,KMT_init
6.588723439378912,-8.460869173312967e-17,6.588723439378914,43.41127656062109,590.4822919038421,0.036609420256485066,12.72079966966985,410.6685000108103,37.242590910073666,1.4027036228213359,1.036609420256485
