R_init,NR_init,M_init,MR_init,KDM5A_init,H4_init,H0_init,PRC2_init,H27_init,KDM6A_init,KMT_init
6.588723439378913,2.2373098152954245e-18,6.588723439378913,43.41127656062109,886.0140733553253,0.11643233221800069,0.4523092368084465,297.5875505858413,49.43125843097355,1.1164323322180005,2.280755654398008
