R_init,NR_init,M_init,MR_init,KDM5A_init,H4_init,H0_init,PRC2_init,H27_init,KDM6A_init,KMT_init
6.5887234393789145,2.2671053186966123e-17,6.588723439378911,43.41127656062109,391.70148904558977,0.039905744092343216,3.9113816341582797,47.04871262174938,46.04871262174938,1.6384919054774916,1.6384919054774916
