R_init,NR_init,M_init,MR_init,KDM5A_init,H4_init,H0_init,PRC2_init,H27_init,KDM6A_init,KMT_init
6.588723439378913,-5.640354946066065e-17,6.588723439378913,43.41127656062109,391.7014890455898,0.052588322795411126,0.15658271065963209,548.6991186319946,49.79082896654496,1.0525883227954111,1.3155299367724667
