R_init,NR_init,M_init,MR_init,KDM5A_init,H4_init,H0_init,PRC2_init,H27_init,KDM6A_init,KMT_init
6.588723439378913,-1.7199033935000586e-17,6.588723439378913,43.41127656062109,391.7014890455898,0.002862160519638311,0.4518957512764531,545.997662970243,49.545242088203906,1.045794568314213,1.01717296311783
