R_init,NR_init,M_init,MR_init,KDM5A_init,H4_init,H0_init,PRC2_init,H27_init,KDM6A_init,KMT_init
6.588723439378912,6.98315018631109e-17,6.588723439378914,43.41127656062109,44.41127656062109,0.006792581021603695,0.2273622833516505,299.59507081376046,49.76584513562674,1.1086812963456592,1.0747183912376408
