R_init,NR_init,M_init,MR_init,KDM5A_init,H4_init,H0_init,PRC2_init,H27_init,KDM6A_init,KMT_init
6.588723439378912,8.648926924659051e-17,6.588723439378914,43.41127656062109,218.05638280310546,0.0033846775317433043,0.4270822575690027,298.41719838939554,49.569533064899254,1.0541548405078929,1.0541548405078929
