R_init,NR_init,M_init,MR_init,KDM5A_init,H4_init,H0_init,PRC2_init,H27_init,KDM6A_init,KMT_init
6.588723439378914,-4.10324596760288e-17,6.588723439378912,43.41127656062109,452.1558420116195,0.05167549297287307,3.1284326653243277,47.8198918417028,46.8198918417028,1.3100529578372384,1.5684304227016037
