R_init,NR_init,M_init,MR_init,KDM5A_init,H4_init,H0_init,PRC2_init,H27_init,KDM6A_init,KMT_init
6.588723439378914,-8.844803326835997e-19,6.588723439378912,43.41127656062109,918.495611735931,0.0233678336401085,3.28068357083819,47.6959485955217,46.6959485955217,1.373885338241736,1.373885338241736
