R_init,NR_init,M_init,MR_init,KDM5A_init,H4_init,H0_init,PRC2_init,H27_init,KDM6A_init,KMT_init
6.588723439378914,-7.409424329197841e-18,6.588723439378912,43.41127656062109,218.05638280310546,0.0074485972838070486,0.30476395451821453,299.1267246891879,49.68778744819798,1.1191775565409128,1.1191775565409128
