R_init,NR_init,M_init,MR_init,KDM5A_init,H4_init,H0_init,PRC2_init,H27_init,KDM6A_init,KMT_init
6.588723439378912,-1.7990158660239653e-17,6.588723439378914,43.41127656062109,467.0072022033551,0.053167286625616796,0.15666883332444964,548.6918026805492,49.79016388004993,1.0531672866256168,1.5848401528817848
