R_init,NR_init,M_init,MR_init,KDM5A_init,H4_init,H0_init,PRC2_init,H27_init,KDM6A_init,KMT_init
6.5887234393789145,-4.7723533781194044e-18,6.588723439378911,43.41127656062109,888.147750486695,0.06738634749826407,0.2879875083912203,298.8677568646631,49.64462614411052,1.4043180849895847,2.078181559972225
