R_init,NR_init,M_init,MR_init,KDM5A_init,H4_init,H0_init,PRC2_init,H27_init,KDM6A_init,KMT_init
6.588723439378913,-9.732937960109831e-20,6.588723439378912,43.41127656062109,814.9102539594294,0.014261812596888477,7.66486169601916,678.1340238621433,42.320876491383956,1.2281890015502155,1.2281890015502155
