R_init,NR_init,M_init,MR_init,KDM5A_init,H4_init,H0_init,PRC2_init,H27_init,KDM6A_init,KMT_init
6.588723439378914,-9.030550837482284e-18,6.588723439378912,43.41127656062109,391.7014890455898,0.029637299109348897,1.6537036330390091,49.316659067851646,48.316659067851646,1.029637299109349,1.4741967857495824
