R_init,NR_init,M_init,MR_init,KDM5A_init,H4_init,H0_init,PRC2_init,H27_init,KDM6A_init,KMT_init
6.588723439378913,-6.388599246166604e-17,6.588723439378913,43.41127656062109,627.6519397089635,0.027494135775539802,2.7824157315497344,48.190090132674726,47.190090132674726,1.164964814653239,1.3024354935309377
