R_init,NR_init,M_init,MR_init,KDM5A_init,H4_init,H0_init,PRC2_init,H27_init,KDM6A_init,KMT_init
6.588723439378913,1.141449754493545e-16,6.588723439378913,43.41127656062109,466.8293599997273,0.08084787543947386,0.1645566852361685,797.0735270291897,49.754595439324355,1.080847875439474,2.293566007031582
