R_init,NR_init,M_init,MR_init,KDM5A_init,H4_init,H0_init,PRC2_init,H27_init,KDM6A_init,KMT_init
6.588723439378914,1.1232364457059418e-17,6.588723439378912,43.41127656062109,218.05638280310546,0.03308137082985391,2.467756965401328,48.49916166376882,47.49916166376882,1.0330813708298539,1.1984882249791233
