R_init,NR_init,M_init,MR_init,KDM5A_init,H4_init,H0_init,PRC2_init,H27_init,KDM6A_init,KMT_init
6.588723439378913,-1.2507031387629044e-16,6.588723439378913,43.41127656062109,218.05638280310544,0.0023805471078120217,0.3050288606163181,796.0814494764139,49.69259059227587,1.0261860181859321,1.0380887537249923
