R_init,NR_init,M_init,MR_init,KDM5A_init,H4_init,H0_init,PRC2_init,H27_init,KDM6A_init,KMT_init
6.588723439378913,-5.107945677100895e-17,6.588723439378913,43.41127656062109,391.7014890455898,0.016421299228079916,1.2296201800559357,49.75395852071598,48.75395852071598,1.0164212992280799,1.0985277953684796
