R_init,NR_init,M_init,MR_init,KDM5A_init,H4_init,H0_init,PRC2_init,H27_init,KDM6A_init,KMT_init
6.588723439378913,3.399640581934406e-17,6.588723439378913,43.41127656062109,391.7014890455898,0.003510751782308685,0.27804730151499313,299.3106516802162,49.7184419467027,1.021064510693852,1.0386182696053956
