R_init,NR_init,M_init,MR_init,KDM5A_init,H4_init,H0_init,PRC2_init,H27_init,KDM6A_init,KMT_init
6.588723439378914,8.228572152187594e-19,6.588723439378913,43.41127656062109,739.3644020789645,0.04221462204035636,15.191494074622177,383.42920433671213,34.76629130333747,1.6754339526457018,1.253287732242138
