R_init,NR_init,M_init,MR_init,KDM5A_init,H4_init,H0_init,PRC2_init,H27_init,KDM6A_init,KMT_init
6.588723439378911,1.5756324207660315e-17,6.5887234393789145,43.41127656062109,391.70148904558977,0.0607342456457758,2.53370918199218,48.405556572362045,47.405556572362045,1.0607342456457758,1.9717479303324128
