R_init,NR_init,M_init,MR_init,KDM5A_init,H4_init,H0_init,PRC2_init,H27_init,KDM6A_init,KMT_init
6.588723439378914,-2.6037032037527396e-17,6.588723439378912,43.41127656062109,391.7014890455898,0.030979085539878885,6.241872827065011,44.72714808739511,43.72714808739511,1.3407699409386675,1.1858745132392734
