R_init,NR_init,M_init,MR_init,KDM5A_init,H4_init,H0_init,PRC2_init,H27_init,KDM6A_init,KMT_init
6.588723439378915,1.4944350519173282e-16,6.58872343937891,43.41127656062109,679.0835391400761,0.03852548741688543,3.858758878886045,47.10271563369707,46.10271563369707,1.6164077986701668,1.4237803615857398
