R_init,NR_init,M_init,MR_init,KDM5A_init,H4_init,H0_init,PRC2_init,H27_init,KDM6A_init,KMT_init
6.588723439378913,-1.3522073123731255e-18,6.588723439378914,43.41127656062109,637.5764727818678,0.12360767500176419,0.7013955777426373,787.7999479560897,49.174996747255605,2.3596844250194065,1.123607675001764
