R_init,NR_init,M_init,MR_init,KDM5A_init,H4_init,H0_init,PRC2_init,H27_init,KDM6A_init,KMT_init
6.588723439378914,1.1002953573202456e-16,6.588723439378912,43.41127656062109,889.0687242740747,0.041510352977774556,0.2217661241737329,796.7875763655759,49.73672352284849,1.4566138827555202,1.664165647644393
