R_init,NR_init,M_init,MR_init,KDM5A_init,H4_init,H0_init,PRC2_init,H27_init,KDM6A_init,KMT_init
6.588723439378913,1.812805864995952e-16,6.588723439378913,43.41127656062109,44.41127656062109,0.0062173765709026595,0.15319468936748828,798.4494069449858,49.84058793406161,1.0062173765709026,1.0994780251344425
