R_init,NR_init,M_init,MR_init,KDM5A_init,H4_init,H0_init,PRC2_init,H27_init,KDM6A_init,KMT_init
6.588723439378912,3.291528370456027e-17,6.588723439378914,43.41127656062109,218.05638280310546,0.013417889942246896,1.4693279922296762,49.517254117828074,48.517254117828074,1.2146862390759503,1.2146862390759503
