R_init,NR_init,M_init,MR_init,KDM5A_init,H4_init,H0_init,PRC2_init,H27_init,KDM6A_init,KMT_init
6.588723439378911,1.1025182609371951e-16,6.588723439378914,43.41127656062108,44.41127656062108,0.004453832693636322,0.1175178131913527,549.6583118952651,49.87802835411501,1.0489921596299996,1.0267229961618178
