R_init,NR_init,M_init,MR_init,KDM5A_init,H4_init,H0_init,PRC2_init,H27_init,KDM6A_init,KMT_init
6.588723439378911,-7.40447968058128e-17,6.5887234393789145,43.41127656062109,218.05638280310546,0.04758441440990736,6.537990409687544,695.6308028144408,43.41442517590255,1.0475844144099073,1.285506486459444
