R_init,NR_init,M_init,MR_init,KDM5A_init,H4_init,H0_init,PRC2_init,H27_init,KDM6A_init,KMT_init
6.588723439378913,1.48070464784233e-16,6.588723439378913,43.41127656062109,420.21031139999343,0.0477983222644016,9.521415958358004,647.8925715100415,40.430785719377596,1.5257815449084176,1.2867899335864097
