R_init,NR_init,M_init,MR_init,KDM5A_init,H4_init,H0_init,PRC2_init,H27_init,KDM6A_init,KMT_init
6.588723439378914,-3.664699391307312e-17,6.588723439378912,43.41127656062109,218.05638280310546,0.0016094490761605516,0.20870547929704827,299.73811042976075,49.78968507162679,1.017703939837766,1.0257511852185688
