R_init,NR_init,M_init,MR_init,KDM5A_init,H4_init,H0_init,PRC2_init,H27_init,KDM6A_init,KMT_init
6.588723439378913,1.107333274671003e-16,6.588723439378913,43.41127656062109,638.3881589284186,0.09718785795523151,0.5654781654790088,543.7106737422233,49.33733397656575,2.5550057272837043,1.0971878579552314
