R_init,NR_init,M_init,MR_init,KDM5A_init,H4_init,H0_init,PRC2_init,H27_init,KDM6A_init,KMT_init
6.588723439378912,2.1281194579995692e-16,6.588723439378914,43.41127656062109,436.6204867507892,0.05639948702115666,6.230779723442083,44.71282078953676,43.71282078953676,1.3383969221269398,1.6203943572327233
