R_init,NR_init,M_init,MR_init,KDM5A_init,H4_init,H0_init,PRC2_init,H27_init,KDM6A_init,KMT_init
6.588723439378913,-2.5160025496133716e-17,6.588723439378913,43.41127656062109,1004.4945870078259,0.02771128440878229,19.332633817479415,184.83792938867083,30.639654898111804,1.1662677064526938,1.1662677064526938
