R_init,NR_init,M_init,MR_init,KDM5A_init,H4_init,H0_init,PRC2_init,H27_init,KDM6A_init,KMT_init
6.588723439378914,2.7005152646765794e-17,6.588723439378912,43.41127656062109,391.7014890455898,0.04102723765773344,6.7546096297719505,44.204363132570315,43.204363132570315,1.4512996142350678,1.4512996142350678
