R_init,NR_init,M_init,MR_init,KDM5A_init,H4_init,H0_init,PRC2_init,H27_init,KDM6A_init,KMT_init
6.588723439378914,1.2250266435950424e-16,6.588723439378912,43.41127656062109,44.41127656062109,0.1084831636341174,1.7801841660875537,49.11133267027833,48.11133267027833,1.1084831636341175,1.6508989818047044
