R_init,NR_init,M_init,MR_init,KDM5A_init,H4_init,H0_init,PRC2_init,H27_init,KDM6A_init,KMT_init
6.588723439378914,-7.285292796415457e-17,6.588723439378912,43.41127656062109,218.05638280310546,0.04002059148193748,2.4843075759155573,48.4756718326025,47.4756718326025,1.0400205914819376,1.4402265063013122
