R_init,NR_init,M_init,MR_init,KDM5A_init,H4_init,H0_init,PRC2_init,H27_init,KDM6A_init,KMT_init
6.588723439378912,-3.820117570234882e-17,6.588723439378914,43.41127656062109,1115.77442453592,0.1631794831916783,1.5652914841196564,290.629174196132,48.27152903268867,1.9790768991500698,1.1631794831916782
