R_init,NR_init,M_init,MR_init,KDM5A_init,H4_init,H0_init,PRC2_init,H27_init,KDM6A_init,KMT_init
6.5887234393789145,6.067991347622552e-17,6.588723439378911,43.41127656062109,391.7014890455898,0.09896806361399485,0.24322834746672306,547.2358394781121,49.65780358891928,1.098968063613995,1.5938083816839692
