R_init,NR_init,M_init,MR_init,KDM5A_init,H4_init,H0_init,PRC2_init,H27_init,KDM6A_init,KMT_init
6.588723439378913,-1.372873956702026e-16,6.588723439378913,43.41127656062109,1384.9572832706835,0.033741053934508256,0.30346923481081184,547.2906868238016,49.66278971125468,1.3711515932795906,1.539856862952132
