R_init,NR_init,M_init,MR_init,KDM5A_init,H4_init,H0_init,PRC2_init,H27_init,KDM6A_init,KMT_init
6.588723439378912,-4.9022772976172404e-17,6.588723439378914,43.41127656062109,436.44674456710635,0.03192208312932409,6.290005564070503,44.67807235280017,43.67807235280017,1.351142914422565,1.351142914422565
