R_init,NR_init,M_init,MR_init,KDM5A_init,H4_init,H0_init,PRC2_init,H27_init,KDM6A_init,KMT_init
6.588723439378913,1.1281640459557447e-16,6.588723439378913,43.41127656062109,218.05638280310546,0.02333676698789412,3.00124312339956,47.97542010961254,46.97542010961254,1.2567044368668352,1.373388271806306
