R_init,NR_init,M_init,MR_init,KDM5A_init,H4_init,H0_init,PRC2_init,H27_init,KDM6A_init,KMT_init
6.588723439378914,7.621856569278146e-17,6.588723439378912,43.41127656062109,615.8706897706611,0.01755385571537919,5.148605999270359,45.833840145014264,44.833840145014264,1.1053231342922751,1.280861691446067
