R_init,NR_init,M_init,MR_init,KDM5A_init,H4_init,H0_init,PRC2_init,H27_init,KDM6A_init,KMT_init
6.588723439378912,-3.844587869136878e-17,6.588723439378914,43.41127656062109,391.7014890455898,0.0013229352968189027,0.4110381086405637,298.5258337363757,49.58763895606262,1.014552288265008,1.0211669647491024
