R_init,NR_init,M_init,MR_init,KDM5A_init,H4_init,H0_init,PRC2_init,H27_init,KDM6A_init,KMT_init
6.5887234393789145,-1.3223596027935357e-18,6.588723439378912,43.41127656062109,1206.459627467853,0.07697224870616556,0.502865518056467,297.52097339942424,49.42016223323737,1.8466947357678212,1.8466947357678212
