R_init,NR_init,M_init,MR_init,KDM5A_init,H4_init,H0_init,PRC2_init,H27_init,KDM6A_init,KMT_init
6.588723439378912,-1.1583242383577404e-16,6.588723439378914,43.41127656062109,218.05638280310546,0.0013059960054465929,0.11437024037703576,549.7275613997926,49.884323763617516,1.0208959360871455,1.0208959360871455
