R_init,NR_init,M_init,MR_init,KDM5A_init,H4_init,H0_init,PRC2_init,H27_init,KDM6A_init,KMT_init
6.5887234393789145,-2.0388454461738016e-17,6.588723439378911,43.41127656062109,218.05638280310544,0.0036613028514345634,0.16116690639409584,798.3627486520716,49.83517179075447,1.058580845622953,1.0402743313657803
