R_init,NR_init,M_init,MR_init,KDM5A_init,H4_init,H0_init,PRC2_init,H27_init,KDM6A_init,KMT_init
6.588723439378912,5.4338671883305156e-17,6.5887234393789145,43.41127656062109,622.1479100778089,0.05588827010073281,3.854827523455464,47.08928420644381,46.08928420644381,1.614770971108061,1.894212321611725
