R_init,NR_init,M_init,MR_init,KDM5A_init,H4_init,H0_init,PRC2_init,H27_init,KDM6A_init,KMT_init
6.588723439378913,-3.826931031061093e-17,6.588723439378912,43.41127656062109,862.5221392304712,0.01942104987409201,2.8985139316377735,48.08206501848814,47.08206501848814,1.213631548615012,1.213631548615012
