R_init,NR_init,M_init,MR_init,KDM5A_init,H4_init,H0_init,PRC2_init,H27_init,KDM6A_init,KMT_init
6.588723439378911,1.3648495988992175e-16,6.5887234393789145,43.41127656062109,391.70148904558977,0.20102719362316004,7.495346225409703,677.8580252954741,42.30362658096713,1.20102719362316,2.2061631617389605
