R_init,NR_init,M_init,MR_init,KDM5A_init,H4_init,H0_init,PRC2_init,H27_init,KDM6A_init,KMT_init
6.588723439378913,-8.798672383356268e-17,6.588723439378913,43.41127656062109,218.05638280310546,0.005766209073126979,0.4719731320206573,545.7448672479684,49.52226065890621,1.0922593451700315,1.0922593451700315
