R_init,NR_init,M_init,MR_init,KDM5A_init,H4_init,H0_init,PRC2_init,H27_init,KDM6A_init,KMT_init
6.588723439378912,-2.910367224779306e-17,6.588723439378914,43.41127656062109,218.05638280310546,0.02709811062087964,2.7767479078076005,48.19615398157152,47.19615398157152,1.1625886637252778,1.298079216829676
