R_init,NR_init,M_init,MR_init,KDM5A_init,H4_init,H0_init,PRC2_init,H27_init,KDM6A_init,KMT_init
6.588723439378912,1.81793318658136e-17,6.588723439378914,43.41127656062109,391.7014890455898,0.007617886564861575,1.7406418104385137,49.25174030299663,48.25174030299663,1.0837967522134773,1.0457073193891695
