R_init,NR_init,M_init,MR_init,KDM5A_init,H4_init,H0_init,PRC2_init,H27_init,KDM6A_init,KMT_init
6.588723439378913,-9.894640232243862e-17,6.588723439378913,43.41127656062109,44.41127656062109,0.006892734542205571,0.2304783746169105,548.3889177992497,49.76262889084089,1.0413564072532335,1.0758200799642614
