R_init,NR_init,M_init,MR_init,KDM5A_init,H4_init,H0_init,PRC2_init,H27_init,KDM6A_init,KMT_init
6.588723439378914,1.2040264271906422e-16,6.588723439378912,43.41127656062109,44.41127656062109,0.01673157449710963,0.4119205763352477,298.4280870950059,49.571347849167644,1.0167315744971097,1.1003894469826576
