R_init,NR_init,M_init,MR_init,KDM5A_init,H4_init,H0_init,PRC2_init,H27_init,KDM6A_init,KMT_init
6.588723439378912,-1.1757398058257144e-16,6.588723439378914,43.41127656062109,391.7014890455898,0.0014247376818718178,0.11458307971069645,549.7239140086817,49.88399218260743,1.022795802909949,1.022795802909949
