R_init,NR_init,M_init,MR_init,KDM5A_init,H4_init,H0_init,PRC2_init,H27_init,KDM6A_init,KMT_init
6.588723439378912,-2.1171233704217583e-17,6.588723439378914,43.41127656062109,391.7014890455898,0.025637638613749604,4.778265780490082,46.19609658089617,45.19609658089617,1.0256376386137496,1.2820140247512457
