R_init,NR_init,M_init,MR_init,KDM5A_init,H4_init,H0_init,PRC2_init,H27_init,KDM6A_init,KMT_init
6.5887234393789145,-4.2888849265295135e-18,6.588723439378911,43.41127656062109,44.41127656062109,0.038556257504833984,1.1264087771083047,294.0102097923212,48.83503496538686,1.4241188325531737,1.2313375450290038
