R_init,NR_init,M_init,MR_init,KDM5A_init,H4_init,H0_init,PRC2_init,H27_init,KDM6A_init,KMT_init
6.588723439378912,-3.4636293548752655e-17,6.588723439378914,43.41127656062109,218.05638280310546,0.0034634068227508757,0.1527754148719981,798.500178852884,49.84376117830525,1.0034634068227508,1.0380974750502596
