R_init,NR_init,M_init,MR_init,KDM5A_init,H4_init,H0_init,PRC2_init,H27_init,KDM6A_init,KMT_init
6.588723439378914,3.979267669295341e-17,6.588723439378911,43.41127656062108,391.70148904558977,0.022826910160101136,1.3753576417754505,49.60181544806445,48.60181544806445,1.1369614609606067,1.3652305625616181
