R_init,NR_init,M_init,MR_init,KDM5A_init,H4_init,H0_init,PRC2_init,H27_init,KDM6A_init,KMT_init
6.5887234393789145,2.7450643754623424e-17,6.588723439378911,43.41127656062109,437.558123697181,0.019124827584467527,6.080526993600425,44.90034817881511,43.90034817881511,1.3059972413514804,1.1147489655068052
