R_init,NR_init,M_init,MR_init,KDM5A_init,H4_init,H0_init,PRC2_init,H27_init,KDM6A_init,KMT_init
6.588723439378912,-4.084468585382458e-17,6.588723439378914,43.41127656062109,218.05638280310546,0.015430422876061875,1.8785476341353633,49.10602194298857,48.10602194298857,1.1697346516366807,1.0925825372563713
