R_init,NR_init,M_init,MR_init,KDM5A_init,H4_init,H0_init,PRC2_init,H27_init,KDM6A_init,KMT_init
6.588723439378911,-2.735743048212302e-17,6.5887234393789145,43.41127656062109,218.05638280310544,0.00812859309043632,1.3178805401494078,49.67399086676016,48.67399086676016,1.0894145239947994,1.0894145239947994
