R_init,NR_init,M_init,MR_init,KDM5A_init,H4_init,H0_init,PRC2_init,H27_init,KDM6A_init,KMT_init
6.588723439378914,3.6412244983837336e-17,6.588723439378912,43.41127656062109,886.7420515380171,0.06794293885266796,0.42800081190460626,298.02433749545634,49.50405624924272,2.087087021642687,1.4076576331160078
