R_init,NR_init,M_init,MR_init,KDM5A_init,H4_init,H0_init,PRC2_init,H27_init,KDM6A_init,KMT_init
6.588723439378913,-7.601497236910551e-17,6.588723439378913,43.41127656062109,391.7014890455898,0.007325736727388276,1.6766979251050451,49.315976338167566,48.315976338167566,1.0439544203643296,1.0439544203643296
