R_init,NR_init,M_init,MR_init,KDM5A_init,H4_init,H0_init,PRC2_init,H27_init,KDM6A_init,KMT_init
6.588723439378914,-8.577172331326365e-17,6.588723439378912,43.41127656062109,218.05638280310546,0.002619906562282496,0.2248043504944691,548.4983331723759,49.77257574294325,1.0157194393736948,1.04191850499652
