R_init,NR_init,M_init,MR_init,KDM5A_init,H4_init,H0_init,PRC2_init,H27_init,KDM6A_init,KMT_init
6.588723439378913,-8.677339052098416e-17,6.588723439378913,43.41127656062109,218.05638280310544,0.004733724338758315,0.7947156217695162,296.20330392335035,49.200550653891725,1.0047337243387584,1.0520709677263413
