R_init,NR_init,M_init,MR_init,KDM5A_init,H4_init,H0_init,PRC2_init,H27_init,KDM6A_init,KMT_init
6.588723439378913,1.7274465871824623e-17,6.588723439378912,43.41127656062109,391.7014890455898,0.004170759489173845,1.2652437861143377,49.73058545439649,48.73058545439649,1.0458783543809123,1.0458783543809123
