R_init,NR_init,M_init,MR_init,KDM5A_init,H4_init,H0_init,PRC2_init,H27_init,KDM6A_init,KMT_init
6.588723439378913,1.7488761131891224e-17,6.588723439378914,43.41127656062109,44.41127656062109,0.017007148069164854,0.5153832289343948,297.80565773797866,49.46760962299644,1.2721143691066379,1.1870786287608135
