R_init,NR_init,M_init,MR_init,KDM5A_init,H4_init,H0_init,PRC2_init,H27_init,KDM6A_init,KMT_init
6.588723439378912,-7.139382117718444e-18,6.588723439378914,43.41127656062109,520.8851686424493,0.1787539969845567,19.538367419081062,182.69727150360632,30.282878583934384,1.1787539969845569,3.8600639517529074
