R_init,NR_init,M_init,MR_init,KDM5A_init,H4_init,H0_init,PRC2_init,H27_init,KDM6A_init,KMT_init
6.588723439378913,-1.6655536890224679e-16,6.588723439378913,43.41127656062109,1135.7164747719448,0.03912574386127243,0.35987520771505505,546.6109895326604,49.600999048423674,1.626011901780359,1.2347544631676346
