R_init,NR_init,M_init,MR_init,KDM5A_init,H4_init,H0_init,PRC2_init,H27_init,KDM6A_init,KMT_init
6.588723439378913,2.4972397404523254e-17,6.588723439378913,43.41127656062109,779.5300083501228,0.07535674598091374,13.168706664544008,405.3153024842259,36.755936589475084,1.4521404758854826,1.8289242057900512
