R_init,NR_init,M_init,MR_init,KDM5A_init,H4_init,H0_init,PRC2_init,H27_init,KDM6A_init,KMT_init
6.588723439378912,4.1200677691021076e-17,6.588723439378914,43.41127656062109,218.05638280310546,0.04088392077521043,5.798706708112494,45.160409371112294,44.160409371112294,1.2453035246512627,1.2453035246512627
