R_init,NR_init,M_init,MR_init,KDM5A_init,H4_init,H0_init,PRC2_init,H27_init,KDM6A_init,KMT_init
6.588723439378914,-1.301507496696859e-16,6.588723439378912,43.41127656062109,218.05638280310544,0.012379426891743124,1.3744111937330927,49.613209379375164,48.613209379375164,1.1361736958091744,1.19807083026789
