R_init,NR_init,M_init,MR_init,KDM5A_init,H4_init,H0_init,PRC2_init,H27_init,KDM6A_init,KMT_init
6.588723439378912,-9.274723137053288e-17,6.588723439378914,43.41127656062109,218.05638280310546,0.0023805468807677472,0.3085668628555228,796.0248414442194,49.689052590263714,1.038088750092284,1.0261860156884453
