R_init,NR_init,M_init,MR_init,KDM5A_init,H4_init,H0_init,PRC2_init,H27_init,KDM6A_init,KMT_init
6.588723439378912,-1.9884661276518417e-17,6.588723439378914,43.41127656062109,44.41127656062109,0.026093601035559237,0.9147982269993544,295.35464903179053,49.059108171965086,1.1565616062133555,1.0260936010355592
