R_init,NR_init,M_init,MR_init,KDM5A_init,H4_init,H0_init,PRC2_init,H27_init,KDM6A_init,KMT_init
6.588723439378914,3.504144789133034e-18,6.588723439378913,43.41127656062109,218.05638280310546,0.007782750375966544,1.2662311312093633,49.72598611841467,48.72598611841467,1.0466965022557992,1.085610254135632
