R_init,NR_init,M_init,MR_init,KDM5A_init,H4_init,H0_init,PRC2_init,H27_init,KDM6A_init,KMT_init
6.5887234393789145,7.876015416084652e-17,6.588723439378911,43.41127656062109,391.7014890455898,0.003931515355895412,0.3159430776449656,795.8820065119862,49.68012540699914,1.0629042456943267,1.0235890921353725
