R_init,NR_init,M_init,MR_init,KDM5A_init,H4_init,H0_init,PRC2_init,H27_init,KDM6A_init,KMT_init
6.588723439378914,1.5773133853213112e-16,6.588723439378912,43.41127656062109,1384.147212629587,0.04001902900341146,0.3376947917967215,298.7337170751992,49.62228617919987,1.2401141740204686,1.6403044640545834
