R_init,NR_init,M_init,MR_init,KDM5A_init,H4_init,H0_init,PRC2_init,H27_init,KDM6A_init,KMT_init
6.588723439378914,-2.226695917144735e-16,6.588723439378912,43.41127656062109,912.9380212648488,0.04236683640825515,15.213551240504577,383.1849011539589,34.74408192308717,1.6778693825320823,1.0423668364082552
