R_init,NR_init,M_init,MR_init,KDM5A_init,H4_init,H0_init,PRC2_init,H27_init,KDM6A_init,KMT_init
6.588723439378914,-4.30679021838215e-17,6.588723439378912,43.41127656062109,391.7014890455898,0.009100275351274362,1.3858147040306648,49.60508502061806,48.60508502061806,1.1456044056203898,1.054601652107646
