R_init,NR_init,M_init,MR_init,KDM5A_init,H4_init,H0_init,PRC2_init,H27_init,KDM6A_init,KMT_init
6.5887234393789145,1.1717099111156186e-17,6.58872343937891,43.41127656062109,44.41127656062109,0.10869649855973562,1.3411373652355496,49.550166136204716,48.550166136204716,1.1086964985597356,2.195661484157092
