R_init,NR_init,M_init,MR_init,KDM5A_init,H4_init,H0_init,PRC2_init,H27_init,KDM6A_init,KMT_init
6.5887234393789145,8.441402225075271e-17,6.588723439378911,43.41127656062109,218.05638280310546,0.007147505930300442,0.8814215436162756,295.6685857027206,49.111430950453425,1.114360094884807,1.0786225652333048
