R_init,NR_init,M_init,MR_init,KDM5A_init,H4_init,H0_init,PRC2_init,H27_init,KDM6A_init,KMT_init
6.588723439378914,2.429532815629747e-16,6.588723439378912,43.41127656062109,44.41127656062109,0.004558249651234857,0.15960929158733997,549.1941570463757,49.83583245876143,1.0729319944197577,1.0273494979074091
