R_init,NR_init,M_init,MR_init,KDM5A_init,H4_init,H0_init,PRC2_init,H27_init,KDM6A_init,KMT_init
6.588723439378912,2.2169693319322325e-16,6.588723439378914,43.41127656062109,804.2424705715631,0.024842715452654297,8.721059131950014,661.0655704415573,41.25409815259733,1.3974834472424686,1.3974834472424686
