R_init,NR_init,M_init,MR_init,KDM5A_init,H4_init,H0_init,PRC2_init,H27_init,KDM6A_init,KMT_init
6.588723439378912,-6.726186195367127e-17,6.588723439378914,43.41127656062109,391.7014890455898,0.1444988565286881,0.49454323999364697,543.9705369382543,49.36095790347767,1.1444988565286882,1.1444988565286882
