var,values
R_init,6.588723439378914
NR_init,8.472870571384637e-18
M_init,6.588723439378912
MR_init,43.41127656062109
KDM5A_init,44.41127656062109
H4_init,0.006677187301257658
H0_init,0.11326330551407315
PRC2_init,799.0809521149547
H27_init,49.88005950718467
KDM6A_init,1.1068349968201225
KMT_init,1.0734490603138342
