R_init,NR_init,M_init,MR_init,KDM5A_init,H4_init,H0_init,PRC2_init,H27_init,KDM6A_init,KMT_init
6.5887234393789145,1.1971450366605736e-16,6.588723439378911,43.41127656062109,391.7014890455898,0.00538551311207668,0.8165288424984369,296.06851386633696,49.17808564438949,1.0323130786724601,1.0592406442328435
