R_init,NR_init,M_init,MR_init,KDM5A_init,H4_init,H0_init,PRC2_init,H27_init,KDM6A_init,KMT_init
6.588723439378911,-9.867895566546861e-19,6.5887234393789145,43.41127656062109,466.11897827813544,0.09864193496458264,0.2888389700294202,546.7377100450659,49.612519095006,2.5782709594333224,1.591851609787496
