R_init,NR_init,M_init,MR_init,KDM5A_init,H4_init,H0_init,PRC2_init,H27_init,KDM6A_init,KMT_init
6.588723439378913,8.551519853143288e-17,6.588723439378913,43.41127656062109,44.41127656062109,0.008698384973419421,0.2746798333907928,299.29973068981474,49.71662178163579,1.0086983849734195,1.139174159574711
