R_init,NR_init,M_init,MR_init,KDM5A_init,H4_init,H0_init,PRC2_init,H27_init,KDM6A_init,KMT_init
6.588723439378912,-1.8017759139266512e-17,6.588723439378913,43.41127656062109,218.05638280310546,0.020002808249734563,1.5966843767268255,49.38331281502344,48.38331281502344,1.320044931995753,1.1200168494984073
