R_init,NR_init,M_init,MR_init,KDM5A_init,H4_init,H0_init,PRC2_init,H27_init,KDM6A_init,KMT_init
6.588723439378912,-3.188951838259704e-17,6.588723439378914,43.41127656062109,44.41127656062109,0.026093822003843404,0.8116087156990913,295.97378477378237,49.16229746229706,1.0260938220038434,1.1565629320230604
