R_init,NR_init,M_init,MR_init,KDM5A_init,H4_init,H0_init,PRC2_init,H27_init,KDM6A_init,KMT_init
6.588723439378912,1.1219732153026529e-16,6.588723439378914,43.41127656062109,391.7014890455898,0.0025705869740489406,0.2082378160412748,299.73514958190805,49.78919159698467,1.0154235218442937,1.0154235218442937
