R_init,NR_init,M_init,MR_init,KDM5A_init,H4_init,H0_init,PRC2_init,H27_init,KDM6A_init,KMT_init
6.5887234393789145,-9.303146157747905e-17,6.588723439378911,43.41127656062109,44.41127656062109,0.018292895905083994,0.3271047589401399,298.92761407092866,49.65460234515478,1.201221854955924,1.018292895905084
