R_init,NR_init,M_init,MR_init,KDM5A_init,H4_init,H0_init,PRC2_init,H27_init,KDM6A_init,KMT_init
6.588723439378913,-3.6475849290782453e-17,6.588723439378913,43.41127656062109,599.9367523652404,0.030328847931251148,8.322618488138636,667.3528426228818,41.64705266393011,1.3336173272437626,1.3336173272437626
