R_init,NR_init,M_init,MR_init,KDM5A_init,H4_init,H0_init,PRC2_init,H27_init,KDM6A_init,KMT_init
6.588723439378914,1.0309604891822719e-16,6.588723439378912,43.41127656062109,218.05638280310546,0.0052756443016124645,0.2341691043993138,548.3661077642898,49.760555251299074,1.0580320873177371,1.0316538658096748
