R_init,NR_init,M_init,MR_init,KDM5A_init,H4_init,H0_init,PRC2_init,H27_init,KDM6A_init,KMT_init
6.588723439378912,-7.218034052838627e-17,6.588723439378914,43.41127656062109,842.3118706211669,0.04956056648942854,4.889401275952866,46.061038157557704,45.061038157557704,1.0495605664894285,1.7929690638308566
