R_init,NR_init,M_init,MR_init,KDM5A_init,H4_init,H0_init,PRC2_init,H27_init,KDM6A_init,KMT_init
6.588723439378913,-3.6233598971020807e-19,6.588723439378913,43.41127656062109,218.05638280310546,0.18318415132097512,10.731259721599027,430.9411173978801,39.085556127080004,1.183184151320975,3.015025664530726
