R_init,NR_init,M_init,MR_init,KDM5A_init,H4_init,H0_init,PRC2_init,H27_init,KDM6A_init,KMT_init
6.588723439378912,4.0130786089702803e-17,6.5887234393789145,43.41127656062109,218.05638280310544,0.0035027810351767386,0.15709712901406467,549.2334009894585,49.839400089950765,1.056044496562828,1.0210166862110603
