R_init,NR_init,M_init,MR_init,KDM5A_init,H4_init,H0_init,PRC2_init,H27_init,KDM6A_init,KMT_init
6.588723439378913,1.5531746511578914e-17,6.588723439378913,43.41127656062109,218.05638280310546,0.01341369234240846,1.9505723580564327,49.036013949601156,48.036013949601156,1.2146190774785353,1.2146190774785353
