R_init,NR_init,M_init,MR_init,KDM5A_init,H4_init,H0_init,PRC2_init,H27_init,KDM6A_init,KMT_init
6.588723439378913,-8.23580722529036e-19,6.588723439378913,43.41127656062109,964.2594064081875,0.030878000895990264,0.22225375876520825,548.2155506437268,49.746868240338806,1.494048014335844,1.3396580098558928
