R_init,NR_init,M_init,MR_init,KDM5A_init,H4_init,H0_init,PRC2_init,H27_init,KDM6A_init,KMT_init
6.5887234393789145,-3.895001980599181e-17,6.588723439378911,43.41127656062109,697.0968807525899,0.01836154112301509,2.0775886639285446,48.90404979494844,47.90404979494844,1.2937846579682415,1.2937846579682415
