R_init,NR_init,M_init,MR_init,KDM5A_init,H4_init,H0_init,PRC2_init,H27_init,KDM6A_init,KMT_init
6.588723439378912,2.2125211650288492e-17,6.588723439378914,43.41127656062109,391.7014890455898,0.005540122674608724,0.4186092570506878,298.4551037216482,49.5758506202747,1.0332407360476523,1.0886419627937396
