R_init,NR_init,M_init,MR_init,KDM5A_init,H4_init,H0_init,PRC2_init,H27_init,KDM6A_init,KMT_init
6.588723439378914,-2.3595620920235e-17,6.588723439378912,43.41127656062109,218.05638280310546,0.011552741288153756,1.3634175618614672,49.625029696850376,48.625029696850376,1.1270801541696913,1.1270801541696913
