R_init,NR_init,M_init,MR_init,KDM5A_init,H4_init,H0_init,PRC2_init,H27_init,KDM6A_init,KMT_init
6.588723439378913,1.5027968994100253e-16,6.588723439378913,43.41127656062109,218.05638280310544,0.1262584571218954,0.2444506612510327,795.068654106033,49.629290881627064,2.3888430283408493,1.1262584571218954
