R_init,NR_init,M_init,MR_init,KDM5A_init,H4_init,H0_init,PRC2_init,H27_init,KDM6A_init,KMT_init
6.588723439378911,-3.7232473799261665e-17,6.5887234393789145,43.41127656062109,44.41127656062109,0.015149886226676807,0.13918478167880668,549.3023186530397,49.84566533209452,1.2423981796268289,1.0151498862266768
