R_init,NR_init,M_init,MR_init,KDM5A_init,H4_init,H0_init,PRC2_init,H27_init,KDM6A_init,KMT_init
6.588723439378912,3.9198717566067345e-17,6.588723439378914,43.41127656062109,391.7014890455898,0.022888123975826336,0.08764704597355451,799.2314372808099,49.88946483005062,1.137328743854958,1.0228881239758263
