R_init,NR_init,M_init,MR_init,KDM5A_init,H4_init,H0_init,PRC2_init,H27_init,KDM6A_init,KMT_init
6.588723439378914,-1.7332501680441944e-16,6.588723439378912,43.41127656062109,44.41127656062109,0.2876287277809698,8.03562901909008,667.8278760500632,41.67674225312895,1.28762872778097,1.28762872778097
