R_init,NR_init,M_init,MR_init,KDM5A_init,H4_init,H0_init,PRC2_init,H27_init,KDM6A_init,KMT_init
6.588723439378913,9.818541226807177e-18,6.588723439378914,43.41127656062109,1023.4404895678945,0.023594717759799638,7.86047191408656,674.8549338904583,42.11593336815364,1.2595418953577961,1.2595418953577961
