R_init,NR_init,M_init,MR_init,KDM5A_init,H4_init,H0_init,PRC2_init,H27_init,KDM6A_init,KMT_init
6.5887234393789145,1.6112044824687582e-16,6.58872343937891,43.41127656062109,627.260166611231,0.012749130395843454,2.875515356475904,48.11173551312825,47.11173551312825,1.2039860863334952,1.140240434354278
