R_init,NR_init,M_init,MR_init,KDM5A_init,H4_init,H0_init,PRC2_init,H27_init,KDM6A_init,KMT_init
6.58872343937891,-3.6703697844898206e-17,6.5887234393789145,43.41127656062109,467.13788405319184,0.03827987593677945,0.14541987404593418,798.0608040002766,49.816300250017285,1.4210786353045741,1.2296792556206768
