R_init,NR_init,M_init,MR_init,KDM5A_init,H4_init,H0_init,PRC2_init,H27_init,KDM6A_init,KMT_init
6.588723439378914,-6.833927207074748e-17,6.588723439378911,43.41127656062108,218.05638280310544,0.010431860801706603,0.47276231413503567,298.1008349503795,49.51680582506326,1.1669097728273057,1.0104318608017067
