R_init,NR_init,M_init,MR_init,KDM5A_init,H4_init,H0_init,PRC2_init,H27_init,KDM6A_init,KMT_init
6.588723439378913,1.729643443072196e-17,6.588723439378912,43.41127656062109,44.41127656062109,0.01844894353976398,0.44998734489765235,298.1893822693755,49.53156371156258,1.1106936612385838,1.1106936612385838
