R_init,NR_init,M_init,MR_init,KDM5A_init,H4_init,H0_init,PRC2_init,H27_init,KDM6A_init,KMT_init
6.588723439378912,-1.5024054554859015e-16,6.588723439378914,43.41127656062109,840.3558919134089,0.022536213598708887,8.490829845714405,664.7861430509903,41.48663394068689,1.3605794175793422,1.3605794175793422
