R_init,NR_init,M_init,MR_init,KDM5A_init,H4_init,H0_init,PRC2_init,H27_init,KDM6A_init,KMT_init
6.588723439378913,-3.8851954275935314e-17,6.588723439378913,43.41127656062109,889.2491766975792,0.028540653478771626,0.216690581322288,548.3024564171883,49.75476876519894,1.4566504556603461,1.1712439208726297
