R_init,NR_init,M_init,MR_init,KDM5A_init,H4_init,H0_init,PRC2_init,H27_init,KDM6A_init,KMT_init
6.588723439378913,1.5823847949349218e-17,6.588723439378913,43.41127656062109,391.7014890455898,0.036744115779143244,2.4764929577250414,48.486762926495814,47.486762926495814,1.0367441157791433,1.2204646946748596
