R_init,NR_init,M_init,MR_init,KDM5A_init,H4_init,H0_init,PRC2_init,H27_init,KDM6A_init,KMT_init
6.588723439378913,-1.3315957912509518e-17,6.588723439378913,43.41127656062109,467.2598317621413,0.036831864277007555,0.12247834391582332,798.4510366689148,49.84068979180717,1.589309828432121,1.4051505070470829
