R_init,NR_init,M_init,MR_init,KDM5A_init,H4_init,H0_init,PRC2_init,H27_init,KDM6A_init,KMT_init
6.588723439378912,-7.068307600202994e-17,6.588723439378914,43.41127656062109,44.41127656062109,0.013653967229771248,0.341889113510038,795.3113107081631,49.64445691926019,1.1501936395274839,1.0819238033786274
