R_init,NR_init,M_init,MR_init,KDM5A_init,H4_init,H0_init,PRC2_init,H27_init,KDM6A_init,KMT_init
6.588723439378913,-1.1421108836530982e-17,6.588723439378913,43.41127656062109,391.7014890455898,0.008644562775591526,2.40947029469647,48.58188514252794,47.58188514252794,1.0086445627755916,1.1383130044094643
