R_init,NR_init,M_init,MR_init,KDM5A_init,H4_init,H0_init,PRC2_init,H27_init,KDM6A_init,KMT_init
6.588723439378913,3.805057923037307e-17,6.588723439378913,43.41127656062109,639.4208088919337,0.1224842436861835,0.3336517870450462,793.7018235083003,49.54386396926877,1.1224842436861835,2.3473266805480186
