R_init,NR_init,M_init,MR_init,KDM5A_init,H4_init,H0_init,PRC2_init,H27_init,KDM6A_init,KMT_init
6.588723439378914,-3.458774336818698e-17,6.588723439378912,43.41127656062109,44.41127656062109,0.0022493159547722088,0.07983746616251235,799.6866114861235,49.91791321788272,1.0359890552763553,1.0134958957286333
