R_init,NR_init,M_init,MR_init,KDM5A_init,H4_init,H0_init,PRC2_init,H27_init,KDM6A_init,KMT_init
6.588723439378914,-5.888499223444746e-18,6.588723439378912,43.41127656062109,218.05638280310544,0.0016228536443586058,0.21039972586929748,299.7278645229181,49.78797742048635,1.0259656583097376,1.0259656583097376
