R_init,NR_init,M_init,MR_init,KDM5A_init,H4_init,H0_init,PRC2_init,H27_init,KDM6A_init,KMT_init
6.588723439378913,9.940376328320708e-17,6.588723439378913,43.41127656062109,44.41127656062109,0.08067750165622938,0.9898665044024219,539.2240159333548,48.929455993941346,2.29084002649967,1.4840650099373764
