R_init,NR_init,M_init,MR_init,KDM5A_init,H4_init,H0_init,PRC2_init,H27_init,KDM6A_init,KMT_init
6.588723439378911,-8.809581545539553e-17,6.5887234393789145,43.41127656062109,44.41127656062109,0.007150576512133687,0.24664665258448157,548.2082304799372,49.74620277090339,1.114409224194139,1.042903459072802
