R_init,NR_init,M_init,MR_init,KDM5A_init,H4_init,H0_init,PRC2_init,H27_init,KDM6A_init,KMT_init
6.588723439378912,3.3969041491408225e-17,6.5887234393789145,43.41127656062109,391.7014890455898,0.0035759052341258722,0.8220827277646651,296.0460482020072,49.174341367001205,1.0393349575753845,1.0393349575753845
