R_init,NR_init,M_init,MR_init,KDM5A_init,H4_init,H0_init,PRC2_init,H27_init,KDM6A_init,KMT_init
6.588723439378913,-2.947408184712701e-16,6.588723439378913,43.41127656062109,218.05638280310546,0.04982424941506079,2.1732628846876834,48.77691286589726,47.77691286589726,1.7971879906409727,1.0498242494150607
