R_init,NR_init,M_init,MR_init,KDM5A_init,H4_init,H0_init,PRC2_init,H27_init,KDM6A_init,KMT_init
6.588723439378912,-1.0603470487620157e-17,6.588723439378914,43.41127656062109,218.05638280310544,0.0025210628745854537,0.11372387847491172,549.7213056451556,49.8837550586505,1.0151263772475128,1.0151263772475128
