R_init,NR_init,M_init,MR_init,KDM5A_init,H4_init,H0_init,PRC2_init,H27_init,KDM6A_init,KMT_init
6.588723439378912,-7.40012628416356e-17,6.588723439378914,43.41127656062109,599.7957367535889,0.02122479954788704,8.35992565885229,666.9015926655971,41.61884954159982,1.3395967927661927,1.2334727950267574
