R_init,NR_init,M_init,MR_init,KDM5A_init,H4_init,H0_init,PRC2_init,H27_init,KDM6A_init,KMT_init
6.588723439378914,8.156493067382727e-17,6.588723439378912,43.41127656062109,391.7014890455898,0.007596267147774095,1.6183424035673428,49.374061329284885,48.374061329284885,1.007596267147774,1.1215402743643856
