R_init,NR_init,M_init,MR_init,KDM5A_init,H4_init,H0_init,PRC2_init,H27_init,KDM6A_init,KMT_init
6.588723439378913,-7.42696134672418e-17,6.588723439378913,43.41127656062109,946.9703714428188,0.3432815664694954,1.0624525242162879,292.56559545588533,48.59426590931422,1.3432815664694955,3.0596893988169724
