R_init,NR_init,M_init,MR_init,KDM5A_init,H4_init,H0_init,PRC2_init,H27_init,KDM6A_init,KMT_init
6.588723439378912,-9.721427695078422e-17,6.588723439378914,43.41127656062109,218.05638280310546,0.0017276433732156822,0.15287205221448813,549.2994033485352,49.845400304412294,1.027642293971451,1.0103658602392942
