R_init,NR_init,M_init,MR_init,KDM5A_init,H4_init,H0_init,PRC2_init,H27_init,KDM6A_init,KMT_init
6.588723439378914,3.396538727590347e-17,6.588723439378913,43.41127656062109,391.7014890455898,0.001322953895015054,0.20941571367762668,299.7355679945642,49.78926133242736,1.0211672623202408,1.0145524928451655
