R_init,NR_init,M_init,MR_init,KDM5A_init,H4_init,H0_init,PRC2_init,H27_init,KDM6A_init,KMT_init
6.588723439378914,2.2945181393434426e-19,6.588723439378913,43.41127656062109,44.41127656062109,0.002990967526268791,0.07844698231276159,799.6969928025756,49.91856205016097,1.0179458051576127,1.0329006427889567
