R_init,NR_init,M_init,MR_init,KDM5A_init,H4_init,H0_init,PRC2_init,H27_init,KDM6A_init,KMT_init
6.588723439378913,-4.958923287709507e-17,6.588723439378913,43.41127656062109,588.4450220345499,0.03863311180569508,12.922502965049858,408.4275031545889,37.03886392314445,1.424964229862646,1.424964229862646
