R_init,NR_init,M_init,MR_init,KDM5A_init,H4_init,H0_init,PRC2_init,H27_init,KDM6A_init,KMT_init
6.588723439378912,7.51733907600314e-17,6.588723439378914,43.41127656062109,44.41127656062109,0.0034696129039944886,0.11824842954029434,549.6611015331129,49.878281957555714,1.055513806463912,1.055513806463912
