R_init,NR_init,M_init,MR_init,KDM5A_init,H4_init,H0_init,PRC2_init,H27_init,KDM6A_init,KMT_init
6.588723439378911,1.050674686114875e-16,6.5887234393789145,43.41127656062109,44.41127656062109,0.05734062042417065,0.5445220486117344,297.3888239857846,49.3981373309641,1.344043722545024,1.9174499267867304
