R_init,NR_init,M_init,MR_init,KDM5A_init,H4_init,H0_init,PRC2_init,H27_init,KDM6A_init,KMT_init
6.588723439378913,-1.0021945856122137e-16,6.588723439378913,43.41127656062109,391.7014890455898,0.0013141329788149336,0.20803931176309046,299.7438793315486,49.7906465552581,1.0144554627669644,1.0144554627669644
