R_init,NR_init,M_init,MR_init,KDM5A_init,H4_init,H0_init,PRC2_init,H27_init,KDM6A_init,KMT_init
6.588723439378913,-9.350102939228338e-17,6.588723439378913,43.41127656062109,391.7014890455898,0.04701030873999034,0.14362807768519684,548.9029777493229,49.80936161357481,1.282061852439942,1.282061852439942
