R_init,NR_init,M_init,MR_init,KDM5A_init,H4_init,H0_init,PRC2_init,H27_init,KDM6A_init,KMT_init
6.588723439378913,-1.8151470474052307e-17,6.588723439378913,43.41127656062109,44.41127656062109,0.023412182773384468,0.33899967340290893,795.2014103011793,49.637588143823706,1.1404730966403067,1.257534010507229
