R_init,NR_init,M_init,MR_init,KDM5A_init,H4_init,H0_init,PRC2_init,H27_init,KDM6A_init,KMT_init
6.588723439378913,-7.243250598666264e-17,6.588723439378913,43.41127656062109,542.1630294742004,0.18963588537971007,19.718056028898175,181.55384851433269,30.092308085722117,1.1896358853797102,2.1378153122782604
