R_init,NR_init,M_init,MR_init,KDM5A_init,H4_init,H0_init,PRC2_init,H27_init,KDM6A_init,KMT_init
6.588723439378912,-7.248515646344866e-18,6.588723439378913,43.41127656062109,391.7014890455898,0.005780965446461242,0.44709559630636025,546.018357820719,49.547123438247176,1.0346857926787676,1.0635906199110736
