R_init,NR_init,M_init,MR_init,KDM5A_init,H4_init,H0_init,PRC2_init,H27_init,KDM6A_init,KMT_init
6.588723439378912,-1.4278253622528406e-16,6.588723439378914,43.41127656062109,630.6912462567641,0.022339986575629304,2.17970857118951,48.79795144223486,47.79795144223486,1.3574397852100688,1.3574397852100688
