R_init,NR_init,M_init,MR_init,KDM5A_init,H4_init,H0_init,PRC2_init,H27_init,KDM6A_init,KMT_init
6.588723439378911,-7.376379307871595e-17,6.5887234393789145,43.41127656062109,44.41127656062109,0.004672956991320811,0.12040537072337736,549.6241383951384,49.8749216722853,1.074767311861133,1.0514025269045288
