R_init,NR_init,M_init,MR_init,KDM5A_init,H4_init,H0_init,PRC2_init,H27_init,KDM6A_init,KMT_init
6.588723439378914,9.344914183629282e-17,6.588723439378912,43.41127656062109,44.41127656062109,0.05847033677568169,1.9871707194824244,48.954358943741894,47.954358943741894,1.6431737045324986,1.0584703367756818
