R_init,NR_init,M_init,MR_init,KDM5A_init,H4_init,H0_init,PRC2_init,H27_init,KDM6A_init,KMT_init
6.588723439378914,-8.093362243223102e-19,6.588723439378913,43.41127656062109,696.2474003022968,0.1689499455359719,19.37645892879333,183.7275467540242,30.4545911256707,1.168949945535972,3.7031991285755503
