R_init,NR_init,M_init,MR_init,KDM5A_init,H4_init,H0_init,PRC2_init,H27_init,KDM6A_init,KMT_init
6.588723439378913,-2.003701826628133e-17,6.588723439378913,43.41127656062109,391.7014890455898,0.0027142145735272755,0.825319618356901,296.0317970024174,49.17196616706957,1.0434274331764364,1.0434274331764364
