var,values
R_init,6.588723439378913
NR_init,-8.605975031100046e-17
M_init,6.588723439378913
MR_init,43.41127656062109
KDM5A_init,44.41127656062109
H4_init,0.06395339690992832
H0_init,0.43105017993160644
PRC2_init,298.0299785389508
H27_init,49.50499642315846
KDM6A_init,1.0639533969099282
KMT_init,1.3837203814595698
