R_init,NR_init,M_init,MR_init,KDM5A_init,H4_init,H0_init,PRC2_init,H27_init,KDM6A_init,KMT_init
6.588723439378914,7.909551918566432e-17,6.588723439378912,43.41127656062109,218.05638280310544,0.0017276384789848324,0.2274431472883046,548.4791213565599,49.77082921423271,1.0276422156637572,1.010365830873909
