R_init,NR_init,M_init,MR_init,KDM5A_init,H4_init,H0_init,PRC2_init,H27_init,KDM6A_init,KMT_init
6.588723439378912,-1.943234753255533e-19,6.5887234393789145,43.41127656062109,793.6715082999664,0.025368617612043988,11.600289682597225,423.117758697698,38.37434169979073,1.2790547937324837,1.405897881792704
