R_init,NR_init,M_init,MR_init,KDM5A_init,H4_init,H0_init,PRC2_init,H27_init,KDM6A_init,KMT_init
6.588723439378914,-6.468042405743196e-17,6.588723439378912,43.41127656062109,589.3762580721213,0.02517115401147751,10.439875040682212,435.8844918583695,39.534953805306316,1.151026924068865,1.151026924068865
