R_init,NR_init,M_init,MR_init,KDM5A_init,H4_init,H0_init,PRC2_init,H27_init,KDM6A_init,KMT_init
6.588723439378912,-2.913142666405849e-17,6.588723439378914,43.41127656062109,44.41127656062109,0.004560632324051466,0.1176494236850003,549.6556893839004,49.87778994399095,1.050166955564566,1.050166955564566
