R_init,NR_init,M_init,MR_init,KDM5A_init,H4_init,H0_init,PRC2_init,H27_init,KDM6A_init,KMT_init
6.588723439378913,4.470971102677016e-18,6.588723439378914,43.41127656062109,391.7014890455898,0.04221966134590884,0.1586758034754095,797.7856725628588,49.79910453517868,1.042219661345909,1.042219661345909
