R_init,NR_init,M_init,MR_init,KDM5A_init,H4_init,H0_init,PRC2_init,H27_init,KDM6A_init,KMT_init
6.588723439378913,8.442711590664347e-18,6.588723439378914,43.41127656062109,44.41127656062109,0.1382701381988195,2.718601653528849,48.14312820827233,47.14312820827233,1.1382701381988194,1.829620829192917
