R_init,NR_init,M_init,MR_init,KDM5A_init,H4_init,H0_init,PRC2_init,H27_init,KDM6A_init,KMT_init
6.588723439378914,-1.0566282450982336e-18,6.588723439378912,43.41127656062109,391.7014890455898,0.005899364082486974,1.7103043267367328,49.28379630918078,48.28379630918078,1.0648930049073566,1.0943898253197917
