R_init,NR_init,M_init,MR_init,KDM5A_init,H4_init,H0_init,PRC2_init,H27_init,KDM6A_init,KMT_init
6.5887234393789145,-2.3075995487791127e-17,6.588723439378912,43.41127656062109,44.41127656062109,0.016731531509418456,0.4458127603725193,298.2247342487084,49.53745570811806,1.1003891890565107,1.0167315315094185
