R_init,NR_init,M_init,MR_init,KDM5A_init,H4_init,H0_init,PRC2_init,H27_init,KDM6A_init,KMT_init
6.5887234393789145,3.639982918667343e-17,6.588723439378912,43.41127656062109,440.35133168379934,0.030537940453424284,5.510472283407795,45.45898977613878,44.45898977613878,1.1832276427205455,1.4886070472547888
