R_init,NR_init,M_init,MR_init,KDM5A_init,H4_init,H0_init,PRC2_init,H27_init,KDM6A_init,KMT_init
6.588723439378913,-8.612846060854548e-17,6.588723439378913,43.41127656062109,218.05638280310546,0.00241708456664599,0.20804894392465725,299.7372038290522,49.789533971508696,1.014502507399876,1.038673353066336
