R_init,NR_init,M_init,MR_init,KDM5A_init,H4_init,H0_init,PRC2_init,H27_init,KDM6A_init,KMT_init
6.5887234393789145,-4.1792552157198823e-17,6.588723439378911,43.41127656062109,887.5673169896556,0.05357491198187609,0.35984229361153836,298.51949676643954,49.58658279440659,1.3214494718912566,1.3214494718912566
