R_init,NR_init,M_init,MR_init,KDM5A_init,H4_init,H0_init,PRC2_init,H27_init,KDM6A_init,KMT_init
6.588723439378912,-3.3035936320632626e-16,6.588723439378914,43.41127656062109,44.41127656062109,0.00479765116146784,0.1602828490350212,798.3587119968562,49.83491949980351,1.0527741627761462,1.0767624185834854
