R_init,NR_init,M_init,MR_init,KDM5A_init,H4_init,H0_init,PRC2_init,H27_init,KDM6A_init,KMT_init
6.588723439378913,3.814085247017535e-17,6.588723439378913,43.41127656062109,961.7904107912057,0.04967342792906783,0.36805803953093247,298.49361119524,49.582268532540006,1.7947748468650855,1.298040567574407
