R_init,NR_init,M_init,MR_init,KDM5A_init,H4_init,H0_init,PRC2_init,H27_init,KDM6A_init,KMT_init
6.588723439378913,-4.704837446916305e-17,6.588723439378913,43.41127656062109,631.2431295925819,0.03504521823054973,8.646280102821802,662.0987948631623,41.318674678947644,1.385497400536047,1.5607234916887955
