R_init,NR_init,M_init,MR_init,KDM5A_init,H4_init,H0_init,PRC2_init,H27_init,KDM6A_init,KMT_init
6.588723439378913,-2.5964708358475486e-17,6.588723439378913,43.41127656062109,451.9308961637527,0.021351125609964616,3.203746202260584,47.77490267212945,46.77490267212945,1.341618009759434,1.2348623817096107
