R_init,NR_init,M_init,MR_init,KDM5A_init,H4_init,H0_init,PRC2_init,H27_init,KDM6A_init,KMT_init
6.588723439378913,-7.263755461536827e-18,6.588723439378913,43.41127656062109,712.6133002281503,0.07112399106318097,0.4731842664323375,545.0126091675493,49.455691742504484,2.1379838570108958,1.0711239910631811
