R_init,NR_init,M_init,MR_init,KDM5A_init,H4_init,H0_init,PRC2_init,H27_init,KDM6A_init,KMT_init
6.588723439378911,-4.3653650774450204e-17,6.5887234393789145,43.41127656062109,218.05638280310544,0.0015963636023809018,0.27709303731503726,299.32786359449545,49.72131059908258,1.01755999962619,1.01755999962619
