R_init,NR_init,M_init,MR_init,KDM5A_init,H4_init,H0_init,PRC2_init,H27_init,KDM6A_init,KMT_init
6.588723439378914,1.157291691144463e-16,6.588723439378912,43.41127656062109,453.2181111662404,0.021246564737175993,2.9464077626358383,48.03234567262699,47.03234567262699,1.233712212108936,1.339945035794816
