R_init,NR_init,M_init,MR_init,KDM5A_init,H4_init,H0_init,PRC2_init,H27_init,KDM6A_init,KMT_init
6.5887234393789145,2.3665517167884753e-16,6.58872343937891,43.41127656062109,44.41127656062109,0.010226576034093044,0.3306827185691558,795.545451286348,49.65909070539675,1.1124923363750234,1.1124923363750234
