R_init,NR_init,M_init,MR_init,KDM5A_init,H4_init,H0_init,PRC2_init,H27_init,KDM6A_init,KMT_init
6.588723439378912,-1.7641982536470595e-17,6.588723439378914,43.41127656062109,218.05638280310546,0.0162975734982048,2.6221606993165985,48.36154172718519,47.36154172718519,1.0977854409892287,1.0977854409892287
