R_init,NR_init,M_init,MR_init,KDM5A_init,H4_init,H0_init,PRC2_init,H27_init,KDM6A_init,KMT_init
6.588723439378914,-2.3066344154386283e-18,6.588723439378912,43.41127656062109,391.7014890455898,0.005965115506698854,0.460460660251972,545.8693164666546,49.53357422424133,1.0656162705736874,1.0656162705736874
