R_init,NR_init,M_init,MR_init,KDM5A_init,H4_init,H0_init,PRC2_init,H27_init,KDM6A_init,KMT_init
6.588723439378914,1.8732546930498063e-18,6.588723439378912,43.41127656062109,44.41127656062109,0.009200428996232501,0.31365376983604754,795.8343328186836,49.677145801167725,1.055202573977395,1.055202573977395
