R_init,NR_init,M_init,MR_init,KDM5A_init,H4_init,H0_init,PRC2_init,H27_init,KDM6A_init,KMT_init
6.588723439378913,6.25269131281208e-17,6.588723439378913,43.41127656062109,461.5824035437615,0.2813329535212178,1.0134628983475888,293.23122488878715,48.705204148131195,1.2813329535212177,1.2813329535212177
