R_init,NR_init,M_init,MR_init,KDM5A_init,H4_init,H0_init,PRC2_init,H27_init,KDM6A_init,KMT_init
6.588723439378912,-1.6618863444802868e-17,6.588723439378914,43.41127656062109,218.05638280310546,0.0036377864545642856,0.15741846078588523,549.228381280355,49.838943752759555,1.0582045832730287,1.0582045832730287
