R_init,NR_init,M_init,MR_init,KDM5A_init,H4_init,H0_init,PRC2_init,H27_init,KDM6A_init,KMT_init
6.588723439378913,-3.95592444334114e-17,6.588723439378913,43.41127656062109,614.2296273735973,0.01602745625693424,5.478344878141561,45.5056276656015,44.5056276656015,1.1763020188262767,1.0961647375416055
