R_init,NR_init,M_init,MR_init,KDM5A_init,H4_init,H0_init,PRC2_init,H27_init,KDM6A_init,KMT_init
6.5887234393789145,3.473724468337182e-17,6.588723439378912,43.41127656062109,1377.3579788182287,0.09095289710722938,0.626222614260825,296.6969469317917,49.282824488631945,1.5457173826433763,2.000481868179523
