R_init,NR_init,M_init,MR_init,KDM5A_init,H4_init,H0_init,PRC2_init,H27_init,KDM6A_init,KMT_init
6.5887234393789145,1.489396068238361e-16,6.58872343937891,43.41127656062109,391.7014890455898,0.003574901366860463,0.2878867785746113,299.25122992035114,49.70853832005853,1.0571984218697674,1.021449408201163
