R_init,NR_init,M_init,MR_init,KDM5A_init,H4_init,H0_init,PRC2_init,H27_init,KDM6A_init,KMT_init
6.588723439378913,-2.1606726812616954e-18,6.588723439378913,43.41127656062109,1373.4751698503876,0.09276923862053542,0.8185467211395833,295.5321042414393,49.08868404023988,2.0204616248258893,1.5566154317232126
