R_init,NR_init,M_init,MR_init,KDM5A_init,H4_init,H0_init,PRC2_init,H27_init,KDM6A_init,KMT_init
6.588723439378913,5.898543287146342e-17,6.588723439378913,43.41127656062109,44.41127656062109,0.009065937189613977,0.15010860857516714,549.2490799965874,49.84082545423522,1.009065937189614,1.0997253090857537
