R_init,NR_init,M_init,MR_init,KDM5A_init,H4_init,H0_init,PRC2_init,H27_init,KDM6A_init,KMT_init
6.588723439378913,-7.210852205372664e-17,6.588723439378913,43.41127656062109,391.7014890455898,0.00554438812899005,0.4298506224804257,298.3876299363435,49.56460498939059,1.0609882694188906,1.0609882694188906
