R_init,NR_init,M_init,MR_init,KDM5A_init,H4_init,H0_init,PRC2_init,H27_init,KDM6A_init,KMT_init
6.588723439378914,-1.402592857633355e-16,6.588723439378912,43.41127656062109,1216.7013813081094,0.05439664963578092,8.695608737238238,42.24999461312598,41.24999461312598,1.8703463941724947,1.5983631459935903
