R_init,NR_init,M_init,MR_init,KDM5A_init,H4_init,H0_init,PRC2_init,H27_init,KDM6A_init,KMT_init
6.588723439378913,3.2415009743692747e-18,6.588723439378912,43.41127656062109,44.41127656062109,0.0041281593060603665,0.10697763510407933,799.2223072894377,49.88889420558986,1.0454097523666641,1.0454097523666641
