R_init,NR_init,M_init,MR_init,KDM5A_init,H4_init,H0_init,PRC2_init,H27_init,KDM6A_init,KMT_init
6.588723439378912,-4.4967891182584974e-17,6.588723439378914,43.41127656062109,628.0233001471069,0.012728454983888426,2.722909324712703,48.26436222030341,47.26436222030341,1.1400130048227726,1.2036552797422146
