R_init,NR_init,M_init,MR_init,KDM5A_init,H4_init,H0_init,PRC2_init,H27_init,KDM6A_init,KMT_init
6.588723439378912,8.986766751840493e-17,6.588723439378914,43.41127656062109,44.41127656062109,0.00445382593805927,0.15604801321232756,549.2344797693457,49.839498160849615,1.048992085318652,1.0267229556283555
