R_init,NR_init,M_init,MR_init,KDM5A_init,H4_init,H0_init,PRC2_init,H27_init,KDM6A_init,KMT_init
6.588723439378913,3.098660055433677e-17,6.588723439378913,43.41127656062109,44.41127656062109,0.028598228509304664,0.22765451107537357,548.1812198645686,49.743747260415326,1.0285982285093047,1.1715893710558278
