R_init,NR_init,M_init,MR_init,KDM5A_init,H4_init,H0_init,PRC2_init,H27_init,KDM6A_init,KMT_init
6.588723439378912,9.779740803772154e-17,6.588723439378914,43.41127656062109,218.05638280310546,0.0035927592396739864,0.30899238669980544,795.9986376649683,49.68741485406052,1.039520351636414,1.039520351636414
