R_init,NR_init,M_init,MR_init,KDM5A_init,H4_init,H0_init,PRC2_init,H27_init,KDM6A_init,KMT_init
6.588723439378913,7.66135653905199e-17,6.588723439378913,43.41127656062109,610.7933716811235,0.020214037295526267,6.161409435597728,44.81837652710674,43.81837652710674,1.3234245967284202,1.2223544102507888
