R_init,NR_init,M_init,MR_init,KDM5A_init,H4_init,H0_init,PRC2_init,H27_init,KDM6A_init,KMT_init
6.588723439378912,-1.0222864162786367e-16,6.588723439378914,43.41127656062109,391.7014890455898,0.0993682105280238,5.120733323886071,45.7798984655859,44.7798984655859,1.0993682105280238,1.5962092631681428
