R_init,NR_init,M_init,MR_init,KDM5A_init,H4_init,H0_init,PRC2_init,H27_init,KDM6A_init,KMT_init
6.588723439378913,-1.0432749551253234e-17,6.588723439378913,43.41127656062109,44.41127656062109,0.009174947774760113,0.22577153481273907,299.59032110447504,49.765053517412504,1.1009244255223611,1.1009244255223611
