R_init,NR_init,M_init,MR_init,KDM5A_init,H4_init,H0_init,PRC2_init,H27_init,KDM6A_init,KMT_init
6.588723439378912,-1.0065527646066871e-16,6.588723439378914,43.41127656062109,218.05638280310546,0.006880703239762004,0.8508348083156325,295.85370693066767,49.14228448844461,1.075687735637382,1.075687735637382
