R_init,NR_init,M_init,MR_init,KDM5A_init,H4_init,H0_init,PRC2_init,H27_init,KDM6A_init,KMT_init
6.588723439378911,5.911508492185648e-17,6.5887234393789145,43.41127656062109,638.4165075673236,0.09628500700084497,0.5607112886523968,297.05802222608054,49.343003704346756,2.0591350770092944,1.096285007000845
