R_init,NR_init,M_init,MR_init,KDM5A_init,H4_init,H0_init,PRC2_init,H27_init,KDM6A_init,KMT_init
6.588723439378912,-7.464506082110559e-17,6.588723439378914,43.41127656062109,639.3061973311374,0.06179340896790484,7.813225138228905,43.12498145280319,42.12498145280319,1.6797274986469533,1.0617934089679049
