R_init,NR_init,M_init,MR_init,KDM5A_init,H4_init,H0_init,PRC2_init,H27_init,KDM6A_init,KMT_init
6.58872343937891,-2.800019662729012e-18,6.5887234393789145,43.41127656062109,218.05638280310546,0.012075208011056689,0.5155908008863419,545.1956739021286,49.4723339911026,1.193203328176907,1.0724512480663402
