R_init,NR_init,M_init,MR_init,KDM5A_init,H4_init,H0_init,PRC2_init,H27_init,KDM6A_init,KMT_init
6.588723439378914,-1.0993215515914968e-16,6.588723439378912,43.41127656062109,218.05638280310546,0.009933530666349564,0.42928854519860227,298.3646675448103,49.560777924135046,1.0596011839980972,1.0596011839980972
