R_init,NR_init,M_init,MR_init,KDM5A_init,H4_init,H0_init,PRC2_init,H27_init,KDM6A_init,KMT_init
6.588723439378913,7.039026212579991e-17,6.588723439378913,43.41127656062109,821.0759321290229,0.11347183718031756,6.9490838544763625,687.9991089334931,42.937444308343316,1.1134718371803176,2.815549394885081
