R_init,NR_init,M_init,MR_init,KDM5A_init,H4_init,H0_init,PRC2_init,H27_init,KDM6A_init,KMT_init
6.588723439378913,2.4945008535360675e-17,6.588723439378913,43.41127656062109,821.6132076285069,0.03493058107536678,9.727947763897879,644.7939464804281,40.237121655026755,1.5588892972058686,1.2095834864522006
