R_init,NR_init,M_init,MR_init,KDM5A_init,H4_init,H0_init,PRC2_init,H27_init,KDM6A_init,KMT_init
6.588723439378911,1.9595572683043544e-16,6.588723439378914,43.41127656062109,44.41127656062109,0.061474992482094135,0.8395904746566191,295.5936071971677,49.098934532861286,1.0614749924820943,1.9835998797135062
