R_init,NR_init,M_init,MR_init,KDM5A_init,H4_init,H0_init,PRC2_init,H27_init,KDM6A_init,KMT_init
6.588723439378913,4.074349909799615e-17,6.588723439378912,43.41127656062109,218.05638280310546,0.0025210318839299474,0.4386439337127678,546.1471853784363,49.5588350344033,1.0151261913035798,1.0151261913035798
