R_init,NR_init,M_init,MR_init,KDM5A_init,H4_init,H0_init,PRC2_init,H27_init,KDM6A_init,KMT_init
6.5887234393789145,2.0671880351738277e-16,6.588723439378911,43.41127656062109,44.41127656062109,0.007450227613102039,0.24770776483648113,548.1932620830546,49.74484200755042,1.1192036418096327,1.0819525037441224
