R_init,NR_init,M_init,MR_init,KDM5A_init,H4_init,H0_init,PRC2_init,H27_init,KDM6A_init,KMT_init
6.588723439378912,9.741408289045296e-19,6.588723439378913,43.41127656062109,44.41127656062109,0.013527588120411105,0.12447936049659843,798.7918888221278,49.86199305138299,1.2164414099265777,1.013527588120411
