R_init,NR_init,M_init,MR_init,KDM5A_init,H4_init,H0_init,PRC2_init,H27_init,KDM6A_init,KMT_init
6.5887234393789145,1.240573371589511e-17,6.588723439378911,43.41127656062109,453.57112084328077,0.01865434107434381,2.878398050890585,48.102947608035066,47.102947608035066,1.2051977518177819,1.2051977518177819
