R_init,NR_init,M_init,MR_init,KDM5A_init,H4_init,H0_init,PRC2_init,H27_init,KDM6A_init,KMT_init
6.588723439378912,-3.1646167077235124e-17,6.588723439378914,43.41127656062109,391.7014890455898,0.023243046335270242,3.275923106988158,47.700833846676574,46.700833846676574,1.371888741364324,1.1394582780116216
