R_init,NR_init,M_init,MR_init,KDM5A_init,H4_init,H0_init,PRC2_init,H27_init,KDM6A_init,KMT_init
6.588723439378912,-9.893344823930388e-17,6.588723439378914,43.41127656062109,44.41127656062109,0.004219487755205678,0.10708043744670691,799.2192011967694,49.88870007479809,1.0464143653072624,1.067511804083291
