R_init,NR_init,M_init,MR_init,KDM5A_init,H4_init,H0_init,PRC2_init,H27_init,KDM6A_init,KMT_init
6.588723439378913,1.0726126131528508e-16,6.588723439378913,43.41127656062109,44.41127656062109,0.026191344321876368,0.5000111182571036,545.2117729116312,49.47379753742102,1.1571480659312583,1.4190615091500218
