R_init,NR_init,M_init,MR_init,KDM5A_init,H4_init,H0_init,PRC2_init,H27_init,KDM6A_init,KMT_init
6.588723439378912,-7.00075510232406e-17,6.588723439378914,43.41127656062109,759.0771192097667,0.04162617332285945,13.22081081025945,405.1131931805946,36.73756301641769,1.457887906551454,1.457887906551454
