R_init,NR_init,M_init,MR_init,KDM5A_init,H4_init,H0_init,PRC2_init,H27_init,KDM6A_init,KMT_init
6.588723439378914,-4.581460039538671e-18,6.588723439378912,43.41127656062109,609.3802157809815,0.0239703255633252,6.440284327358329,44.53574534707835,43.53574534707835,1.3835252090132033,1.3835252090132033
