R_init,NR_init,M_init,MR_init,KDM5A_init,H4_init,H0_init,PRC2_init,H27_init,KDM6A_init,KMT_init
6.588723439378913,-3.6028731699938007e-17,6.588723439378912,43.41127656062109,218.05638280310546,0.1262598023929231,0.1152507089365934,797.1358318187278,49.758489488670484,1.1262598023929231,2.388857826322154
