R_init,NR_init,M_init,MR_init,KDM5A_init,H4_init,H0_init,PRC2_init,H27_init,KDM6A_init,KMT_init
6.588723439378913,8.731056989584448e-17,6.588723439378913,43.41127656062109,44.41127656062109,0.010056540601703967,0.25693712954986775,548.0630696283328,49.73300632984843,1.1609046496272635,1.0603392436102237
