R_init,NR_init,M_init,MR_init,KDM5A_init,H4_init,H0_init,PRC2_init,H27_init,KDM6A_init,KMT_init
6.588723439378912,3.560550639387172e-17,6.588723439378914,43.41127656062109,641.1599889239246,0.01690534737274606,0.09139467696028244,799.2671996106715,49.89169997566697,1.1859588211002066,1.1859588211002066
