R_init,NR_init,M_init,MR_init,KDM5A_init,H4_init,H0_init,PRC2_init,H27_init,KDM6A_init,KMT_init
6.588723439378912,-3.7951968534597606e-17,6.588723439378914,43.41127656062109,434.56792007586944,0.0630715264324874,6.634621019014715,693.8369192728447,43.302307454552796,1.0630715264324875,1.6937867907573612
