R_init,NR_init,M_init,MR_init,KDM5A_init,H4_init,H0_init,PRC2_init,H27_init,KDM6A_init,KMT_init
6.588723439378913,1.303064274671155e-16,6.588723439378913,43.41127656062109,44.41127656062109,0.009155516428355515,0.23511536925965923,299.5343746858719,49.75572911431198,1.1464882628536883,1.054933098570133
