R_init,NR_init,M_init,MR_init,KDM5A_init,H4_init,H0_init,PRC2_init,H27_init,KDM6A_init,KMT_init
6.588723439378913,9.827414048778212e-19,6.588723439378913,43.41127656062109,1209.757305106147,0.05637697985341497,0.3585769049945061,546.4355072666729,49.585046115152075,1.6201467783875647,1.9020316776546393
