R_init,NR_init,M_init,MR_init,KDM5A_init,H4_init,H0_init,PRC2_init,H27_init,KDM6A_init,KMT_init
6.5887234393789145,-1.389950337373935e-16,6.588723439378911,43.41127656062109,218.05638280310544,0.003441197310463802,0.15183145600797518,549.2920008134971,49.84472734668156,1.0206471838627829,1.0378531704151017
