R_init,NR_init,M_init,MR_init,KDM5A_init,H4_init,H0_init,PRC2_init,H27_init,KDM6A_init,KMT_init
6.588723439378914,1.1045616681636412e-16,6.588723439378912,43.41127656062109,938.5055380555435,0.04444712088422361,13.501949611785536,401.9896359406327,36.453603267330244,1.4889183297264597,1.2666827253053417
