R_init,NR_init,M_init,MR_init,KDM5A_init,H4_init,H0_init,PRC2_init,H27_init,KDM6A_init,KMT_init
6.588723439378914,1.514281720345139e-16,6.588723439378912,43.41127656062109,44.41127656062109,0.011621582577305204,0.3525160393342128,795.1737980494157,49.63586237808848,1.1859453212368831,1.1859453212368831
