R_init,NR_init,M_init,MR_init,KDM5A_init,H4_init,H0_init,PRC2_init,H27_init,KDM6A_init,KMT_init
6.588723439378914,-1.0891470256929896e-16,6.588723439378912,43.41127656062109,391.7014890455898,0.002862185946318141,0.22512608110289944,548.4921290624586,49.77201173295078,1.017173115677909,1.0457949751410902
