R_init,NR_init,M_init,MR_init,KDM5A_init,H4_init,H0_init,PRC2_init,H27_init,KDM6A_init,KMT_init
6.588723439378913,3.898174442849924e-17,6.588723439378913,43.41127656062109,391.7014890455898,0.07804217895040076,0.16448657720632098,548.3321836822761,49.75747124384328,1.4682530737024047,1.8584639684544084
