R_init,NR_init,M_init,MR_init,KDM5A_init,H4_init,H0_init,PRC2_init,H27_init,KDM6A_init,KMT_init
6.588723439378914,-1.2783288597108168e-16,6.588723439378912,43.41127656062109,391.7014890455898,0.01806756948806651,1.3408358443607034,49.64109658615123,48.64109658615123,1.108405416928399,1.108405416928399
