R_init,NR_init,M_init,MR_init,KDM5A_init,H4_init,H0_init,PRC2_init,H27_init,KDM6A_init,KMT_init
6.588723439378913,7.831305754899237e-18,6.588723439378913,43.41127656062109,218.05638280310546,0.007614800180423964,0.3334603125638039,795.5427981960923,49.65892488725577,1.1218368028867833,1.0456888010825438
