R_init,NR_init,M_init,MR_init,KDM5A_init,H4_init,H0_init,PRC2_init,H27_init,KDM6A_init,KMT_init
6.588723439378914,1.2077795983572794e-16,6.588723439378912,43.41127656062109,44.41127656062109,0.008347060979897665,0.28594894363575873,299.23422397230604,49.70570399538434,1.0500823658793859,1.0500823658793859
