R_init,NR_init,M_init,MR_init,KDM5A_init,H4_init,H0_init,PRC2_init,H27_init,KDM6A_init,KMT_init
6.5887234393789145,-1.1282330644677289e-17,6.58872343937891,43.41127656062109,391.7014890455898,0.0017779357513678336,0.41306577889972523,298.5109377120934,49.5851562853489,1.019557293265046,1.0284469720218854
