R_init,NR_init,M_init,MR_init,KDM5A_init,H4_init,H0_init,PRC2_init,H27_init,KDM6A_init,KMT_init
6.588723439378914,4.085846391063054e-17,6.588723439378912,43.41127656062109,44.41127656062109,0.180360984110926,5.496750519270065,45.32288849661901,44.32288849661901,1.180360984110926,1.180360984110926
