R_init,NR_init,M_init,MR_init,KDM5A_init,H4_init,H0_init,PRC2_init,H27_init,KDM6A_init,KMT_init
6.588723439378913,2.589335327642044e-17,6.588723439378913,43.41127656062109,640.6083682611087,0.03468864365453441,0.18393551324169385,797.5020134896604,49.781375843103774,1.2081318619272066,1.2081318619272066
