R_init,NR_init,M_init,MR_init,KDM5A_init,H4_init,H0_init,PRC2_init,H27_init,KDM6A_init,KMT_init
6.588723439378912,-1.1331874407252238e-17,6.588723439378914,43.41127656062109,430.60477568432987,0.0325009431108619,7.457820480644263,681.154857219918,42.50967857624487,1.1950056586651714,1.5200150897737903
