R_init,NR_init,M_init,MR_init,KDM5A_init,H4_init,H0_init,PRC2_init,H27_init,KDM6A_init,KMT_init
6.588723439378912,-2.7618301634478637e-18,6.588723439378914,43.41127656062109,391.7014890455898,0.04449422360976814,0.11701374387798283,549.2234123576347,49.83849203251225,1.0444942236097683,1.4894364597074494
