R_init,NR_init,M_init,MR_init,KDM5A_init,H4_init,H0_init,PRC2_init,H27_init,KDM6A_init,KMT_init
6.588723439378913,-1.1487761556755634e-17,6.588723439378914,43.41127656062109,391.7014890455898,0.05434236689290329,0.20188874789259123,796.9003021634321,49.74376888521451,1.3260542013574197,1.0543423668929033
