R_init,NR_init,M_init,MR_init,KDM5A_init,H4_init,H0_init,PRC2_init,H27_init,KDM6A_init,KMT_init
6.588723439378912,-2.270021264388018e-16,6.588723439378914,43.41127656062109,44.41127656062109,0.006071251172910954,0.15869467760916048,549.1875747833972,49.835234071217926,1.0667837629020205,1.0364275070374656
