R_init,NR_init,M_init,MR_init,KDM5A_init,H4_init,H0_init,PRC2_init,H27_init,KDM6A_init,KMT_init
6.588723439378911,-3.167576106511815e-17,6.5887234393789145,43.41127656062109,640.5501046007288,0.0430725715890783,0.18720431738311052,548.4669542213059,49.76972311102781,1.2584354295344697,1.4737982874798614
