R_init,NR_init,M_init,MR_init,KDM5A_init,H4_init,H0_init,PRC2_init,H27_init,KDM6A_init,KMT_init
6.588723439378912,9.467230498111149e-17,6.588723439378914,43.41127656062109,391.7014890455898,0.002676388309317899,0.21385651618729873,299.70080257302027,49.78346709550338,1.0428222129490865,1.0294402714024968
