R_init,NR_init,M_init,MR_init,KDM5A_init,H4_init,H0_init,PRC2_init,H27_init,KDM6A_init,KMT_init
6.588723439378914,-2.070183816142245e-18,6.588723439378912,43.41127656062109,391.7014890455898,0.200847168118134,13.757910874376938,577.6598713200789,36.04124195750493,2.205083008708804,1.2008471681181339
