R_init,NR_init,M_init,MR_init,KDM5A_init,H4_init,H0_init,PRC2_init,H27_init,KDM6A_init,KMT_init
6.588723439378911,-1.6014569589897359e-18,6.5887234393789145,43.41127656062109,218.05638280310546,0.15668047207569855,0.17610164074021015,795.6754861949455,49.667217887184094,1.1566804720756985,1.9400828324541912
