R_init,NR_init,M_init,MR_init,KDM5A_init,H4_init,H0_init,PRC2_init,H27_init,KDM6A_init,KMT_init
6.588723439378913,1.3463581850666282e-17,6.588723439378913,43.41127656062109,391.7014890455898,0.0639627996560203,0.23548120175712983,547.7061159844553,49.70055599858685,1.0639627996560204,1.0639627996560204
