R_init,NR_init,M_init,MR_init,KDM5A_init,H4_init,H0_init,PRC2_init,H27_init,KDM6A_init,KMT_init
6.588723439378912,-3.2967684626938965e-18,6.588723439378914,43.41127656062109,44.41127656062109,0.006646193473911195,0.22279619568141512,548.4761337192914,49.77055761084467,1.0066461934739113,1.0731081282130233
