R_init,NR_init,M_init,MR_init,KDM5A_init,H4_init,H0_init,PRC2_init,H27_init,KDM6A_init,KMT_init
6.588723439378913,-3.453155684934471e-17,6.588723439378912,43.41127656062109,948.5568986357584,0.06871418015755346,12.807591847164534,409.36063369945697,37.123693972677906,1.412285080945321,1.0687141801575535
