R_init,NR_init,M_init,MR_init,KDM5A_init,H4_init,H0_init,PRC2_init,H27_init,KDM6A_init,KMT_init
6.588723439378913,-8.298009828923176e-19,6.588723439378913,43.41127656062109,466.023122832794,0.07629670903937157,0.3303552850229181,546.5268280653148,49.59334800593771,2.2207473446299453,1.0762967090393716
