R_init,NR_init,M_init,MR_init,KDM5A_init,H4_init,H0_init,PRC2_init,H27_init,KDM6A_init,KMT_init
6.588723439378912,-6.972321035879232e-17,6.588723439378914,43.41127656062109,639.9455133187649,0.062001577322697336,0.28919356804227014,298.89282912781016,49.64880485463503,1.0620015773226974,1.372009463936184
