R_init,NR_init,M_init,MR_init,KDM5A_init,H4_init,H0_init,PRC2_init,H27_init,KDM6A_init,KMT_init
6.588723439378914,1.1731251699022952e-16,6.588723439378912,43.41127656062109,44.41127656062109,0.009155477322609133,0.28726974632246843,299.2214486581296,49.70357477635493,1.0549328639356548,1.146487637161746
