R_init,NR_init,M_init,MR_init,KDM5A_init,H4_init,H0_init,PRC2_init,H27_init,KDM6A_init,KMT_init
6.5887234393789145,-2.7867357322559537e-17,6.588723439378911,43.41127656062109,218.05638280310544,0.0033252734929583683,0.28227172406951434,299.28641801462516,49.71440300243752,1.036578008422542,1.0532043758873337
