R_init,NR_init,M_init,MR_init,KDM5A_init,H4_init,H0_init,PRC2_init,H27_init,KDM6A_init,KMT_init
6.5887234393789145,4.3941068248668884e-17,6.588723439378911,43.41127656062109,391.70148904558977,0.0013229350486110851,0.4137179177754666,298.5097548830555,49.58495914717592,1.0211669607777774,1.014552285534722
