R_init,NR_init,M_init,MR_init,KDM5A_init,H4_init,H0_init,PRC2_init,H27_init,KDM6A_init,KMT_init
6.588723439378913,7.672801165144532e-18,6.588723439378913,43.41127656062109,218.05638280310546,0.01077835384810128,1.2227998829573319,49.766421763194565,48.766421763194565,1.0107783538481012,1.1724536615696204
