R_init,NR_init,M_init,MR_init,KDM5A_init,H4_init,H0_init,PRC2_init,H27_init,KDM6A_init,KMT_init
6.588723439378914,-6.901605888620335e-18,6.588723439378912,43.41127656062109,218.05638280310546,0.0066347243973420185,0.28315130130947486,299.26128384575907,49.71021397429318,1.0398083463840522,1.0729819683707622
