R_init,NR_init,M_init,MR_init,KDM5A_init,H4_init,H0_init,PRC2_init,H27_init,KDM6A_init,KMT_init
6.588723439378914,-1.2094184056369522e-16,6.588723439378911,43.41127656062108,218.05638280310544,0.0021934480579205128,0.2818679594672172,299.29563155484914,49.715938592474856,1.0350951689267283,1.0350951689267283
