R_init,NR_init,M_init,MR_init,KDM5A_init,H4_init,H0_init,PRC2_init,H27_init,KDM6A_init,KMT_init
6.588723439378913,-5.128938540840834e-18,6.588723439378913,43.41127656062109,218.05638280310546,0.011549955450926205,1.8100523559754758,49.1783976885736,48.1783976885736,1.1270495099601883,1.1270495099601883
