R_init,NR_init,M_init,MR_init,KDM5A_init,H4_init,H0_init,PRC2_init,H27_init,KDM6A_init,KMT_init
6.588723439378912,3.9748759232075667e-17,6.588723439378913,43.41127656062109,1137.967657650249,0.0281360121625794,0.22078608086014453,797.0172465116365,49.75107790697728,1.4501761946012703,1.4501761946012703
