R_init,NR_init,M_init,MR_init,KDM5A_init,H4_init,H0_init,PRC2_init,H27_init,KDM6A_init,KMT_init
6.588723439378912,6.363811913439762e-17,6.588723439378914,43.41127656062109,1379.8525933902806,0.05128691048557712,0.5411578722798842,791.5208834757526,49.40755521723454,1.820590567769234,1.3077214629134628
