R_init,NR_init,M_init,MR_init,KDM5A_init,H4_init,H0_init,PRC2_init,H27_init,KDM6A_init,KMT_init
6.588723439378912,-1.204082125194608e-16,6.588723439378914,43.41127656062109,44.41127656062109,0.013653976067840018,0.32159643861387477,795.6359933650925,49.66474958531828,1.0819238564070401,1.1501937367462403
