R_init,NR_init,M_init,MR_init,KDM5A_init,H4_init,H0_init,PRC2_init,H27_init,KDM6A_init,KMT_init
6.588723439378911,-5.016243584275208e-17,6.588723439378914,43.41127656062108,218.05638280310544,0.0026226597102858686,0.45023994101043974,546.0185113920721,49.54713739927928,1.0419625553645737,1.0288492568131444
