R_init,NR_init,M_init,MR_init,KDM5A_init,H4_init,H0_init,PRC2_init,H27_init,KDM6A_init,KMT_init
6.588723439378912,2.887129813327928e-17,6.588723439378914,43.41127656062109,218.05638280310546,0.003524653251075447,0.29829292099160004,796.1709188121172,49.698182425757324,1.0035246532510755,1.056394452017207
