R_init,NR_init,M_init,MR_init,KDM5A_init,H4_init,H0_init,PRC2_init,H27_init,KDM6A_init,KMT_init
6.588723439378914,1.9792692591290163e-17,6.588723439378912,43.41127656062109,218.05638280310546,0.007782577803987953,1.313278850510703,49.67893857168531,48.67893857168531,1.0856083558438676,1.0466954668239277
