R_init,NR_init,M_init,MR_init,KDM5A_init,H4_init,H0_init,PRC2_init,H27_init,KDM6A_init,KMT_init
6.588723439378914,5.5331998044453235e-17,6.588723439378912,43.41127656062109,218.05638280310546,0.0035916132933745486,0.16099714573506443,798.366579855545,49.83541124097156,1.0574658126939929,1.0215496797602472
