R_init,NR_init,M_init,MR_init,KDM5A_init,H4_init,H0_init,PRC2_init,H27_init,KDM6A_init,KMT_init
6.588723439378913,-9.923414493550671e-18,6.588723439378913,43.41127656062109,609.6384310269566,0.023692783564113674,6.3889188201625355,698.3982143403736,43.58738839627335,1.0236927835641136,1.3790845370258187
