R_init,NR_init,M_init,MR_init,KDM5A_init,H4_init,H0_init,PRC2_init,H27_init,KDM6A_init,KMT_init
6.588723439378914,-1.3668326384149173e-17,6.588723439378912,43.41127656062109,44.41127656062109,0.015149605461939228,0.5368457856959289,544.9280506972634,49.44800460884213,1.2423936873910275,1.015149605461939
