R_init,NR_init,M_init,MR_init,KDM5A_init,H4_init,H0_init,PRC2_init,H27_init,KDM6A_init,KMT_init
6.588723439378914,-5.901326528122319e-17,6.588723439378912,43.41127656062109,391.7014890455898,0.005898887178550492,0.4433794788565829,298.3043298037892,49.55072163396486,1.0943821948568078,1.0943821948568078
