R_init,NR_init,M_init,MR_init,KDM5A_init,H4_init,H0_init,PRC2_init,H27_init,KDM6A_init,KMT_init
6.588723439378912,6.270647847777286e-17,6.588723439378914,43.41127656062109,441.06553439588754,0.025589612989635916,5.372580068453953,45.601830318556416,44.601830318556416,1.1535376779378155,1.2814857428859951
