R_init,NR_init,M_init,MR_init,KDM5A_init,H4_init,H0_init,PRC2_init,H27_init,KDM6A_init,KMT_init
6.588723439378913,1.1090396735758782e-16,6.588723439378913,43.41127656062109,218.05638280310546,0.004849290688581546,0.20606930575973376,299.7344884213101,49.789081403551684,1.0048492906885815,1.0775886510173047
