R_init,NR_init,M_init,MR_init,KDM5A_init,H4_init,H0_init,PRC2_init,H27_init,KDM6A_init,KMT_init
6.588723439378913,-9.495521208556529e-17,6.588723439378913,43.41127656062109,391.7014890455898,0.005898681805364345,0.8656181103280365,295.7708992471996,49.1284832078666,1.0943789088858296,1.0943789088858296
