R_init,NR_init,M_init,MR_init,KDM5A_init,H4_init,H0_init,PRC2_init,H27_init,KDM6A_init,KMT_init
6.588723439378913,1.0496365928129332e-16,6.588723439378913,43.41127656062109,218.05638280310546,0.002587318952537831,0.11376841374003202,549.7200869403817,49.88364426730743,1.015523913715227,1.0413971032406053
