R_init,NR_init,M_init,MR_init,KDM5A_init,H4_init,H0_init,PRC2_init,H27_init,KDM6A_init,KMT_init
6.588723439378913,-1.3127890502781587e-17,6.588723439378912,43.41127656062109,44.41127656062109,0.013527488070392217,0.36158026572635865,794.9982759392519,49.624892246203245,1.2164398091262754,1.0135274880703922
