R_init,NR_init,M_init,MR_init,KDM5A_init,H4_init,H0_init,PRC2_init,H27_init,KDM6A_init,KMT_init
6.5887234393789145,5.089517683488298e-18,6.588723439378911,43.41127656062109,391.70148904558977,0.0989673197481213,0.35274612643690956,546.0311520919646,49.54828655381497,1.5938039184887278,1.0989673197481211
