R_init,NR_init,M_init,MR_init,KDM5A_init,H4_init,H0_init,PRC2_init,H27_init,KDM6A_init,KMT_init
6.588723439378912,-1.730537007590228e-17,6.588723439378914,43.41127656062109,391.7014890455898,0.00911345418881664,2.6280442290806625,48.36284231673052,47.36284231673052,1.100247996076983,1.100247996076983
