R_init,NR_init,M_init,MR_init,KDM5A_init,H4_init,H0_init,PRC2_init,H27_init,KDM6A_init,KMT_init
6.588723439378912,6.360194720643787e-17,6.588723439378914,43.41127656062109,44.41127656062109,0.022054654833761282,0.44163740903007814,545.8993872974978,49.53630793613616,1.0220546548337612,1.3528744773401806
