R_init,NR_init,M_init,MR_init,KDM5A_init,H4_init,H0_init,PRC2_init,H27_init,KDM6A_init,KMT_init
6.588723439378914,-1.1341097831648334e-16,6.588723439378912,43.41127656062109,218.05638280310544,0.004854790607273097,0.8140102989712926,296.0868094625286,49.181134910421434,1.0291287436436387,1.053402696680004
