R_init,NR_init,M_init,MR_init,KDM5A_init,H4_init,H0_init,PRC2_init,H27_init,KDM6A_init,KMT_init
6.588723439378911,-5.762789341388488e-17,6.5887234393789145,43.41127656062109,218.05638280310544,0.042806725091765745,1.163386479623513,293.76284077170834,48.79380679528472,1.4708739760094234,1.6849076014682518
