R_init,NR_init,M_init,MR_init,KDM5A_init,H4_init,H0_init,PRC2_init,H27_init,KDM6A_init,KMT_init
6.58872343937891,2.1484497156067184e-18,6.5887234393789145,43.41127656062109,218.05638280310546,0.08353032050299934,9.827988602731333,441.9732918444223,40.08848107676566,1.0835303205029994,1.5011819230179961
