R_init,NR_init,M_init,MR_init,KDM5A_init,H4_init,H0_init,PRC2_init,H27_init,KDM6A_init,KMT_init
6.588723439378913,-7.278362430435224e-17,6.588723439378913,43.41127656062109,611.8764755713349,0.027932576012748674,10.590058147164301,434.2021020450524,39.38200927682294,1.167595456076492,1.3072583361402355
