R_init,NR_init,M_init,MR_init,KDM5A_init,H4_init,H0_init,PRC2_init,H27_init,KDM6A_init,KMT_init
6.588723439378914,1.313239671434723e-16,6.588723439378912,43.41127656062109,44.41127656062109,0.0064382807560681935,0.1581293813638654,798.3669174060811,49.83543233788007,1.0386296845364091,1.103012492097091
