R_init,NR_init,M_init,MR_init,KDM5A_init,H4_init,H0_init,PRC2_init,H27_init,KDM6A_init,KMT_init
6.588723439378912,3.7003710738483146e-17,6.588723439378914,43.41127656062109,1384.2061357945079,0.03378933670566895,0.3409783258484303,546.877555711905,49.6252323374459,1.5406293872907033,1.3716827037623585
