R_init,NR_init,M_init,MR_init,KDM5A_init,H4_init,H0_init,PRC2_init,H27_init,KDM6A_init,KMT_init
6.588723439378913,-1.0352336390853761e-16,6.588723439378913,43.41127656062109,218.05638280310546,0.003591598276664829,0.3143264742246608,795.9133108399787,49.68208192749867,1.0574655724266373,1.0215495896599889
