R_init,NR_init,M_init,MR_init,KDM5A_init,H4_init,H0_init,PRC2_init,H27_init,KDM6A_init,KMT_init
6.5887234393789145,1.5063072931193482e-16,6.58872343937891,43.41127656062109,391.7014890455898,0.0018662635537631195,0.1504257496856656,549.3247878543663,49.84770798676057,1.0111975813225789,1.0205288990913943
