R_init,NR_init,M_init,MR_init,KDM5A_init,H4_init,H0_init,PRC2_init,H27_init,KDM6A_init,KMT_init
6.588723439378913,-4.737970646425083e-18,6.588723439378914,43.41127656062109,391.7014890455898,0.009100779963739064,1.275792244059749,49.71510697597651,48.71510697597651,1.0546046797824344,1.145612479419825
