R_init,NR_init,M_init,MR_init,KDM5A_init,H4_init,H0_init,PRC2_init,H27_init,KDM6A_init,KMT_init
6.588723439378914,7.381525087710306e-17,6.588723439378912,43.41127656062109,976.3369479821524,0.02994029932222693,12.056031441725425,418.0543108484758,37.91402825895235,1.3293432925444963,1.4790447891556309
