R_init,NR_init,M_init,MR_init,KDM5A_init,H4_init,H0_init,PRC2_init,H27_init,KDM6A_init,KMT_init
6.588723439378912,-1.6072581798277255e-17,6.588723439378914,43.41127656062109,44.41127656062109,0.10852647567344571,2.6522393943152665,48.23923413001129,47.23923413001129,2.1937912324079027,1.1085264756734456
