R_init,NR_init,M_init,MR_init,KDM5A_init,H4_init,H0_init,PRC2_init,H27_init,KDM6A_init,KMT_init
6.588723439378912,5.424378722672927e-17,6.588723439378914,43.41127656062109,218.05638280310546,0.012376164765829267,1.824636385878038,49.16298744935613,48.16298744935613,1.136137812424122,1.198018636253268
