R_init,NR_init,M_init,MR_init,KDM5A_init,H4_init,H0_init,PRC2_init,H27_init,KDM6A_init,KMT_init
6.588723439378913,-8.26152243480881e-17,6.588723439378913,43.41127656062109,44.41127656062109,0.011446975045429492,0.30659898156933013,299.0917242603114,49.68195404338524,1.1259167254997244,1.0114469750454294
