R_init,NR_init,M_init,MR_init,KDM5A_init,H4_init,H0_init,PRC2_init,H27_init,KDM6A_init,KMT_init
6.588723439378912,-1.6660977964216477e-17,6.588723439378914,43.41127656062109,391.7014890455898,0.022741525366397026,6.349065735922102,44.6281927387115,43.6281927387115,1.3638644058623524,1.1364491521983822
