R_init,NR_init,M_init,MR_init,KDM5A_init,H4_init,H0_init,PRC2_init,H27_init,KDM6A_init,KMT_init
6.588723439378913,-7.496269817636485e-17,6.588723439378913,43.41127656062109,467.33094318096266,0.03681546823542913,0.1082724561931215,798.6785932091432,49.85491207557145,1.4049701505897205,1.589047491766866
