R_init,NR_init,M_init,MR_init,KDM5A_init,H4_init,H0_init,PRC2_init,H27_init,KDM6A_init,KMT_init
6.588723439378914,-3.112293437707229e-18,6.588723439378912,43.41127656062109,218.05638280310546,0.017016201264763692,1.9065374217201145,49.07644637701512,48.07644637701512,1.1871782139124005,1.1871782139124005
