R_init,NR_init,M_init,MR_init,KDM5A_init,H4_init,H0_init,PRC2_init,H27_init,KDM6A_init,KMT_init
6.588723439378912,8.464114917628199e-17,6.588723439378914,43.41127656062109,458.7416691793763,0.024159817627235024,1.838782907118605,49.13705727525416,48.13705727525416,1.1449589057634102,1.2657579938995853
