R_init,NR_init,M_init,MR_init,KDM5A_init,H4_init,H0_init,PRC2_init,H27_init,KDM6A_init,KMT_init
6.588723439378914,-8.171340999421003e-17,6.588723439378912,43.41127656062109,44.41127656062109,0.006545076672513627,0.226550190087155,299.601428399442,49.76690473324033,1.104721226760218,1.0392704600350817
