R_init,NR_init,M_init,MR_init,KDM5A_init,H4_init,H0_init,PRC2_init,H27_init,KDM6A_init,KMT_init
6.588723439378914,-2.3408758407909818e-17,6.588723439378912,43.41127656062109,606.3623532458392,0.02150870344134073,7.046318456508771,687.9147654407982,42.93217284004989,1.1290522206480444,1.1290522206480444
