R_init,NR_init,M_init,MR_init,KDM5A_init,H4_init,H0_init,PRC2_init,H27_init,KDM6A_init,KMT_init
6.588723439378913,-7.476475716445317e-17,6.588723439378913,43.41127656062109,640.5144368418762,0.044900063182211576,0.1925103775605077,548.3884851518301,49.76258955925728,1.718401010915385,1.4939006950043274
