R_init,NR_init,M_init,MR_init,KDM5A_init,H4_init,H0_init,PRC2_init,H27_init,KDM6A_init,KMT_init
6.588723439378914,-5.844422633371185e-17,6.588723439378912,43.41127656062109,567.3631350579332,0.057575095001723905,14.810095702529617,387.4556212271553,35.13232920246866,1.633326045018963,1.3454505700103434
