R_init,NR_init,M_init,MR_init,KDM5A_init,H4_init,H0_init,PRC2_init,H27_init,KDM6A_init,KMT_init
6.5887234393789145,-3.9699354603053404e-17,6.588723439378911,43.41127656062109,44.41127656062109,0.009671058298382468,0.31444689901283174,299.05529225613276,49.67588204268879,1.1547369327741195,1.1063816412822072
