R_init,NR_init,M_init,MR_init,KDM5A_init,H4_init,H0_init,PRC2_init,H27_init,KDM6A_init,KMT_init
6.588723439378914,3.678093721320604e-17,6.588723439378913,43.41127656062109,1080.961341370085,0.49076773068364365,3.5585754476833507,46.950656821633004,45.950656821633004,1.4907677306836438,1.4907677306836438
