R_init,NR_init,M_init,MR_init,KDM5A_init,H4_init,H0_init,PRC2_init,H27_init,KDM6A_init,KMT_init
6.588723439378913,-5.597005485908267e-19,6.588723439378913,43.41127656062109,44.41127656062109,0.0022758566281462734,0.07987019133347634,799.685663232614,49.91785395203838,1.0364137060503402,1.0250344229096089
