R_init,NR_init,M_init,MR_init,KDM5A_init,H4_init,H0_init,PRC2_init,H27_init,KDM6A_init,KMT_init
6.588723439378914,3.3147450874286304e-17,6.588723439378913,43.41127656062109,44.41127656062109,0.018468268003173312,0.16911853865949644,797.9986110933972,49.81241319333733,1.11080960801904,1.0184682680031734
