R_init,NR_init,M_init,MR_init,KDM5A_init,H4_init,H0_init,PRC2_init,H27_init,KDM6A_init,KMT_init
6.588723439378914,1.2195333323350916e-18,6.588723439378913,43.41127656062109,604.7311469984477,0.016557572980443372,7.37751083644797,682.6949054491454,42.605931590571586,1.182133302784877,1.0993454378826604
