R_init,NR_init,M_init,MR_init,KDM5A_init,H4_init,H0_init,PRC2_init,H27_init,KDM6A_init,KMT_init
6.588723439378913,-3.509606841009229e-18,6.588723439378913,43.41127656062109,44.41127656062109,0.006028718008536707,0.16234453885273406,798.3060278902196,49.83162674313873,1.0663158980939038,1.0060287180085368
