R_init,NR_init,M_init,MR_init,KDM5A_init,H4_init,H0_init,PRC2_init,H27_init,KDM6A_init,KMT_init
6.588723439378912,-6.359585716751189e-17,6.588723439378914,43.41127656062109,218.05638280310546,0.0025877191282205033,0.44440760238853483,546.0830514633157,49.55300467848324,1.0284649104104255,1.0284649104104255
