R_init,NR_init,M_init,MR_init,KDM5A_init,H4_init,H0_init,PRC2_init,H27_init,KDM6A_init,KMT_init
6.588723439378913,5.659743153370516e-17,6.588723439378913,43.41127656062109,391.7014890455898,0.0019114595444449606,0.3006542623686843,796.15894844939,49.697434278086874,1.0114687572666698,1.0210260549888945
