R_init,NR_init,M_init,MR_init,KDM5A_init,H4_init,H0_init,PRC2_init,H27_init,KDM6A_init,KMT_init
6.5887234393789145,2.7406668694897675e-16,6.588723439378911,43.41127656062109,218.05638280310544,0.1476579462878619,0.17072455423826519,547.4977924942126,49.68161749947387,1.1476579462878618,1.8859476777271715
