R_init,NR_init,M_init,MR_init,KDM5A_init,H4_init,H0_init,PRC2_init,H27_init,KDM6A_init,KMT_init
6.588723439378914,3.40928417587996e-19,6.588723439378912,43.41127656062109,1174.3270908801078,0.04590104932319801,10.822818858950905,627.1004814676144,39.1312800917259,1.7344167891711681,1.045901049323198
