R_init,NR_init,M_init,MR_init,KDM5A_init,H4_init,H0_init,PRC2_init,H27_init,KDM6A_init,KMT_init
6.588723439378914,-1.1059123327843676e-16,6.588723439378912,43.41127656062109,879.659747842108,0.05049208540399212,17.418957328161458,196.1833035186073,32.53055058643454,1.050492085403992,1.5554129394439133
