R_init,NR_init,M_init,MR_init,KDM5A_init,H4_init,H0_init,PRC2_init,H27_init,KDM6A_init,KMT_init
6.588723439378913,2.381037849163336e-17,6.588723439378913,43.41127656062109,263.39265390647864,0.05350595949390121,6.150218571334586,44.79627546917151,43.79627546917151,1.3210357569634072,1.8560953519024193
