R_init,NR_init,M_init,MR_init,KDM5A_init,H4_init,H0_init,PRC2_init,H27_init,KDM6A_init,KMT_init
6.588723439378913,2.411843452190796e-17,6.588723439378913,43.41127656062109,419.56857530031806,0.03428264424211653,9.663278856315356,645.8390159910804,40.30243849944252,1.5485223078738646,1.2056958654526992
