R_init,NR_init,M_init,MR_init,KDM5A_init,H4_init,H0_init,PRC2_init,H27_init,KDM6A_init,KMT_init
6.588723439378914,3.754826469112043e-18,6.588723439378913,43.41127656062109,1169.819386842033,0.03652924646696807,11.057575863710868,428.9648437880438,38.905894889822164,1.2191754788018083,1.584467943471489
