R_init,NR_init,M_init,MR_init,KDM5A_init,H4_init,H0_init,PRC2_init,H27_init,KDM6A_init,KMT_init
6.588723439378913,-2.734706892252016e-18,6.588723439378913,43.41127656062109,466.6107251830216,0.05324489447628729,0.23588662954048673,547.8195532358155,49.710868475983226,1.5856938392391602,1.053244894476287
