R_init,NR_init,M_init,MR_init,KDM5A_init,H4_init,H0_init,PRC2_init,H27_init,KDM6A_init,KMT_init
6.588723439378914,-1.1077076308803601e-17,6.588723439378912,43.41127656062109,427.3559552452701,0.02727166383780927,8.112813847729267,670.7586318149267,41.85991448843292,1.299988302215902,1.1636299830268557
