R_init,NR_init,M_init,MR_init,KDM5A_init,H4_init,H0_init,PRC2_init,H27_init,KDM6A_init,KMT_init
6.5887234393789145,-2.3473113312317243e-17,6.588723439378912,43.41127656062109,391.7014890455898,0.010916709462462778,0.8427770694512472,295.87783732651775,49.14630622108629,1.0655002567747767,1.0655002567747767
