R_init,NR_init,M_init,MR_init,KDM5A_init,H4_init,H0_init,PRC2_init,H27_init,KDM6A_init,KMT_init
6.588723439378913,2.5737744611921497e-16,6.588723439378913,43.41127656062109,1385.7727307016642,0.02806191040533854,0.2683760067909502,299.2213724968222,49.70356208280371,1.308681014458724,1.4489905664854168
