R_init,NR_init,M_init,MR_init,KDM5A_init,H4_init,H0_init,PRC2_init,H27_init,KDM6A_init,KMT_init
6.588723439378913,-7.68019243421604e-17,6.588723439378913,43.41127656062109,628.2485949939079,0.027172486884239535,8.953606294035518,657.3075395052839,41.019221219080244,1.4347597901478326,1.1630349213054372
