R_init,NR_init,M_init,MR_init,KDM5A_init,H4_init,H0_init,PRC2_init,H27_init,KDM6A_init,KMT_init
6.588723439378913,-1.1448598901484634e-16,6.588723439378913,43.41127656062109,218.05638280310546,0.0015962621220189422,0.27491937280704115,299.34090619042564,49.72348436507094,1.0095775727321137,1.025540193952303
