R_init,NR_init,M_init,MR_init,KDM5A_init,H4_init,H0_init,PRC2_init,H27_init,KDM6A_init,KMT_init
6.588723439378913,1.0615258992176744e-16,6.588723439378913,43.41127656062109,391.7014890455898,0.0018662634561071969,0.15181386863778437,549.3095185469672,49.84631986790611,1.0205288980171792,1.0111975807366431
