R_init,NR_init,M_init,MR_init,KDM5A_init,H4_init,H0_init,PRC2_init,H27_init,KDM6A_init,KMT_init
6.5887234393789145,-3.631197826293485e-17,6.588723439378912,43.41127656062109,391.7014890455898,0.07781035705766569,13.302088064407357,403.82111736388475,36.62010157853498,1.4668621423459942,1.8559139276343226
