R_init,NR_init,M_init,MR_init,KDM5A_init,H4_init,H0_init,PRC2_init,H27_init,KDM6A_init,KMT_init
6.588723439378912,4.275636487018429e-17,6.588723439378914,43.41127656062109,1131.7285229321453,0.07570480587730088,0.5891596016856587,297.01081355462225,49.33513559243704,1.4542288352638053,1.4542288352638053
