R_init,NR_init,M_init,MR_init,KDM5A_init,H4_init,H0_init,PRC2_init,H27_init,KDM6A_init,KMT_init
6.588723439378914,-1.4744354570088648e-16,6.588723439378912,43.41127656062109,597.5689250880259,0.025642299243470765,8.800870492269302,659.7757953357956,41.173487208487224,1.4102767878955322,1.4102767878955322
