R_init,NR_init,M_init,MR_init,KDM5A_init,H4_init,H0_init,PRC2_init,H27_init,KDM6A_init,KMT_init
6.588723439378914,1.175626345214049e-16,6.588723439378912,43.41127656062109,44.41127656062109,0.004354207846238236,0.11495606110619808,549.6875870415232,49.88068973104756,1.0261252470774294,1.0261252470774294
