R_init,NR_init,M_init,MR_init,KDM5A_init,H4_init,H0_init,PRC2_init,H27_init,KDM6A_init,KMT_init
6.588723439378913,-3.426865927407995e-17,6.588723439378913,43.41127656062109,1020.0647539514401,0.04860108389408467,8.06051458904923,671.2541492329069,41.89088432705668,1.291606503364508,1.291606503364508
