R_init,NR_init,M_init,MR_init,KDM5A_init,H4_init,H0_init,PRC2_init,H27_init,KDM6A_init,KMT_init
6.5887234393789145,-9.03998599761778e-18,6.588723439378911,43.41127656062109,391.70148904558977,0.027530842851223696,6.704538790772887,44.26793036637589,43.26793036637589,1.4404934856195792,1.302839271363461
