R_init,NR_init,M_init,MR_init,KDM5A_init,H4_init,H0_init,PRC2_init,H27_init,KDM6A_init,KMT_init
6.5887234393789145,-8.846073037246674e-17,6.588723439378911,43.41127656062109,44.41127656062109,0.006060074751967911,0.16318384373911532,549.1383168965981,49.83075608150892,1.0969611960314867,1.006060074751968
