R_init,NR_init,M_init,MR_init,KDM5A_init,H4_init,H0_init,PRC2_init,H27_init,KDM6A_init,KMT_init
6.588723439378912,6.203673195270276e-17,6.588723439378914,43.41127656062109,391.7014890455898,0.001421501112654462,0.2263590640592367,548.4944137831092,49.77221943482811,1.0227440178024714,1.0085290066759267
