R_init,NR_init,M_init,MR_init,KDM5A_init,H4_init,H0_init,PRC2_init,H27_init,KDM6A_init,KMT_init
6.588723439378914,7.687416306235751e-17,6.588723439378912,43.41127656062109,44.41127656062109,0.06667353467184642,1.6933434473771285,49.23998301795102,48.23998301795102,1.4000412080310785,1.0666735346718463
