R_init,NR_init,M_init,MR_init,KDM5A_init,H4_init,H0_init,PRC2_init,H27_init,KDM6A_init,KMT_init
6.588723439378912,-1.0510287974097769e-16,6.588723439378914,43.41127656062109,218.05638280310544,0.0016228457316850408,0.2793819148125301,299.3139714367347,49.71899523945578,1.0259655317069607,1.0259655317069607
