R_init,NR_init,M_init,MR_init,KDM5A_init,H4_init,H0_init,PRC2_init,H27_init,KDM6A_init,KMT_init
6.588723439378912,7.293890098976175e-17,6.588723439378914,43.41127656062109,391.7014890455898,0.003779344702834054,0.303985542130173,796.0757618106719,49.692235113166994,1.0226760682170044,1.0226760682170044
