R_init,NR_init,M_init,MR_init,KDM5A_init,H4_init,H0_init,PRC2_init,H27_init,KDM6A_init,KMT_init
6.5887234393789145,4.1666427567207224e-17,6.588723439378912,43.41127656062109,639.5226342772156,0.06206221761210703,0.3737087360627326,298.385374277951,49.56422904632516,1.3723733056726424,1.062062217612107
