R_init,NR_init,M_init,MR_init,KDM5A_init,H4_init,H0_init,PRC2_init,H27_init,KDM6A_init,KMT_init
6.588723439378912,-6.242905366950245e-17,6.588723439378914,43.41127656062109,391.7014890455898,0.020455291416039405,2.6816725869432663,48.297872121640694,47.297872121640694,1.1227317484962365,1.2250082055764335
