R_init,NR_init,M_init,MR_init,KDM5A_init,H4_init,H0_init,PRC2_init,H27_init,KDM6A_init,KMT_init
6.588723439378913,-4.923766247787939e-17,6.588723439378913,43.41127656062109,218.05638280310546,0.017946616187022604,1.3399584965305844,49.64209488728239,48.64209488728239,1.1076796971221357,1.1974127780572486
