R_init,NR_init,M_init,MR_init,KDM5A_init,H4_init,H0_init,PRC2_init,H27_init,KDM6A_init,KMT_init
6.588723439378912,1.8321994147439507e-17,6.588723439378914,43.41127656062109,218.05638280310546,0.0021688068539263477,0.281760600771792,299.29642355424573,49.71607059237429,1.0347009096628215,1.0238568753931898
