R_init,NR_init,M_init,MR_init,KDM5A_init,H4_init,H0_init,PRC2_init,H27_init,KDM6A_init,KMT_init
6.588723439378913,3.166981140347913e-17,6.588723439378913,43.41127656062109,888.9442703520839,0.044539353732402115,0.23118251561819228,547.9670594371435,49.7242781306494,1.0445393537324021,1.7126296597184338
