R_init,NR_init,M_init,MR_init,KDM5A_init,H4_init,H0_init,PRC2_init,H27_init,KDM6A_init,KMT_init
6.588723439378914,5.92218215158726e-17,6.588723439378912,43.41127656062109,640.7463693445442,0.033652439564506906,0.15737150064463382,797.9436169566537,49.80897605979086,1.0336524395645068,1.370176835209576
