R_init,NR_init,M_init,MR_init,KDM5A_init,H4_init,H0_init,PRC2_init,H27_init,KDM6A_init,KMT_init
6.588723439378914,-1.0954184768939679e-16,6.588723439378912,43.41127656062109,1136.090057387801,0.05191440950992048,0.3221810343426709,298.75542733688445,49.62590455614741,1.5710585046091254,1.8306305521587278
