R_init,NR_init,M_init,MR_init,KDM5A_init,H4_init,H0_init,PRC2_init,H27_init,KDM6A_init,KMT_init
6.588723439378913,9.909523454224787e-17,6.588723439378913,43.41127656062109,391.7014890455898,0.0082831664523168,2.408608258667205,48.58310857488048,47.58310857488048,1.0082831664523169,1.0911148309754848
