R_init,NR_init,M_init,MR_init,KDM5A_init,H4_init,H0_init,PRC2_init,H27_init,KDM6A_init,KMT_init
6.588723439378913,3.139717181380488e-18,6.588723439378913,43.41127656062109,467.26498651178673,0.04159077171446275,0.11668848654928943,549.2589281590988,49.84172074173625,1.0415907717144626,1.665452347431404
