R_init,NR_init,M_init,MR_init,KDM5A_init,H4_init,H0_init,PRC2_init,H27_init,KDM6A_init,KMT_init
6.588723439378914,9.027588385878415e-17,6.588723439378912,43.41127656062109,218.05638280310546,0.0034411585529767097,0.4410294432473841,546.110823380196,49.55552939819964,1.0206469513178602,1.0378527440827439
