R_init,NR_init,M_init,MR_init,KDM5A_init,H4_init,H0_init,PRC2_init,H27_init,KDM6A_init,KMT_init
6.588723439378914,1.1193451283038565e-16,6.588723439378912,43.41127656062109,1141.575450784038,0.42414687179684285,3.399899729156529,47.17595339904663,46.17595339904663,1.4241468717968429,1.4241468717968429
