R_init,NR_init,M_init,MR_init,KDM5A_init,H4_init,H0_init,PRC2_init,H27_init,KDM6A_init,KMT_init
6.588723439378913,-7.417541634488046e-17,6.588723439378913,43.41127656062109,391.7014890455898,0.0012961675113162341,0.10445303813749354,799.3080127096191,49.894250794351194,1.0207386801810598,1.0207386801810598
