R_init,NR_init,M_init,MR_init,KDM5A_init,H4_init,H0_init,PRC2_init,H27_init,KDM6A_init,KMT_init
6.588723439378914,9.983476743493144e-17,6.588723439378912,43.41127656062109,391.7014890455898,0.0018840263910715983,0.43699244045009084,546.1723588647471,49.561123533158835,1.0113041583464295,1.0301444222571456
