R_init,NR_init,M_init,MR_init,KDM5A_init,H4_init,H0_init,PRC2_init,H27_init,KDM6A_init,KMT_init
6.588723439378912,2.4426312614014765e-19,6.588723439378914,43.41127656062109,218.05638280310544,0.07320557237879695,0.11091280909560908,798.0541058964095,49.815881618525594,1.4392334342727817,1.4392334342727817
