R_init,NR_init,M_init,MR_init,KDM5A_init,H4_init,H0_init,PRC2_init,H27_init,KDM6A_init,KMT_init
6.588723439378911,-1.7389530048558647e-16,6.5887234393789145,43.41127656062109,391.7014890455898,0.0057153543170480195,1.320337621848657,49.673947023834295,48.673947023834295,1.0914456690727685,1.0342921259022881
