R_init,NR_init,M_init,MR_init,KDM5A_init,H4_init,H0_init,PRC2_init,H27_init,KDM6A_init,KMT_init
6.588723439378911,1.1120927862413686e-18,6.5887234393789145,43.41127656062109,218.05638280310544,0.01212020098798538,0.48971625526973184,545.4797989811651,49.49816354374228,1.1333222108678391,1.1333222108678391
