R_init,NR_init,M_init,MR_init,KDM5A_init,H4_init,H0_init,PRC2_init,H27_init,KDM6A_init,KMT_init
6.588723439378914,2.252047172093026e-16,6.588723439378912,43.41127656062109,1384.2336422805015,0.03931637175850365,0.3340759664959183,298.7596459704735,49.62660766174558,1.6290619481360584,1.6290619481360584
