R_init,NR_init,M_init,MR_init,KDM5A_init,H4_init,H0_init,PRC2_init,H27_init,KDM6A_init,KMT_init
6.588723439378913,-2.4468946608125032e-17,6.588723439378913,43.41127656062109,44.41127656062109,0.004037572176153479,0.1027439972045787,799.2914948899083,49.89321843061927,1.0040375721761534,1.0646011548184557
