R_init,NR_init,M_init,MR_init,KDM5A_init,H4_init,H0_init,PRC2_init,H27_init,KDM6A_init,KMT_init
6.5887234393789145,-1.3298448779287824e-16,6.588723439378911,43.41127656062109,391.70148904558977,0.0027495608415337193,0.42296539567043623,298.44571026092814,49.574285043488025,1.0439929734645395,1.0439929734645395
