R_init,NR_init,M_init,MR_init,KDM5A_init,H4_init,H0_init,PRC2_init,H27_init,KDM6A_init,KMT_init
6.5887234393789145,5.0155379144590953e-17,6.588723439378911,43.41127656062109,391.70148904558977,0.039130746410335634,5.7498708735065085,45.210998380083154,44.210998380083154,1.2347844784620137,1.62609194256537
