R_init,NR_init,M_init,MR_init,KDM5A_init,H4_init,H0_init,PRC2_init,H27_init,KDM6A_init,KMT_init
6.588723439378914,-1.891498271819832e-17,6.588723439378912,43.41127656062109,391.7014890455898,0.006380405259683662,0.4762194239213797,545.6914018790084,49.51740017081894,1.1020864841549387,1.1020864841549387
