R_init,NR_init,M_init,MR_init,KDM5A_init,H4_init,H0_init,PRC2_init,H27_init,KDM6A_init,KMT_init
6.588723439378912,-1.019696635215477e-16,6.588723439378914,43.41127656062109,218.05638280310546,0.005045741312600704,0.4378493532440654,298.34262943266,49.55710490544333,1.0807318610016112,1.030274447875604
