R_init,NR_init,M_init,MR_init,KDM5A_init,H4_init,H0_init,PRC2_init,H27_init,KDM6A_init,KMT_init
6.588723439378913,-5.1091708384295315e-18,6.588723439378914,43.41127656062109,218.05638280310544,0.0021447315229031665,0.2816557075134578,299.2971973657818,49.71619956096364,1.0343157043664506,1.012868389137419
