R_init,NR_init,M_init,MR_init,KDM5A_init,H4_init,H0_init,PRC2_init,H27_init,KDM6A_init,KMT_init
6.588723439378913,-3.542694516517159e-16,6.588723439378913,43.41127656062109,887.5975980279858,0.08721924954642342,0.3231698522139791,794.4337743718336,49.5896108982396,1.0872192495464235,2.395507992742775
