R_init,NR_init,M_init,MR_init,KDM5A_init,H4_init,H0_init,PRC2_init,H27_init,KDM6A_init,KMT_init
6.588723439378913,1.150658802873075e-16,6.588723439378913,43.41127656062109,218.05638280310546,0.013041526734766535,0.49409538077610937,545.4214940173804,49.492863092489124,1.1434567940824318,1.2086644277562646
