R_init,NR_init,M_init,MR_init,KDM5A_init,H4_init,H0_init,PRC2_init,H27_init,KDM6A_init,KMT_init
6.588723439378914,1.2985857044347065e-16,6.588723439378912,43.41127656062109,391.7014890455898,0.0026395297696318763,0.20832264449127366,299.7342269544346,49.78903782573909,1.015837178617791,1.04223247631411
