R_init,NR_init,M_init,MR_init,KDM5A_init,H4_init,H0_init,PRC2_init,H27_init,KDM6A_init,KMT_init
6.588723439378913,-6.138098367663625e-17,6.588723439378913,43.41127656062109,932.1419994372504,0.03355914613274697,13.937073494423219,397.3230409538844,36.02936735944404,1.5369463381239514,1.3691506074602167
