R_init,NR_init,M_init,MR_init,KDM5A_init,H4_init,H0_init,PRC2_init,H27_init,KDM6A_init,KMT_init
6.588723439378914,-1.3324778310879707e-17,6.588723439378912,43.41127656062109,218.05638280310546,0.010839175869045915,1.7105287584245297,49.278632065706425,48.278632065706425,1.0650350552142756,1.119230934559505
