R_init,NR_init,M_init,MR_init,KDM5A_init,H4_init,H0_init,PRC2_init,H27_init,KDM6A_init,KMT_init
6.588723439378911,-2.192177736357375e-16,6.5887234393789145,43.41127656062109,795.4232550625801,0.055343812969631916,9.572479585331337,445.09394261868937,40.37217660169903,1.055343812969632,1.8855010075141105
