R_init,NR_init,M_init,MR_init,KDM5A_init,H4_init,H0_init,PRC2_init,H27_init,KDM6A_init,KMT_init
6.588723439378912,-5.688363825690128e-17,6.588723439378914,43.41127656062109,391.7014890455898,0.001761960116295554,0.4129945848723614,298.51146073006805,49.585243455011344,1.0193815612792512,1.0193815612792512
