R_init,NR_init,M_init,MR_init,KDM5A_init,H4_init,H0_init,PRC2_init,H27_init,KDM6A_init,KMT_init
6.588723439378912,3.835483416850283e-17,6.5887234393789145,43.41127656062109,465.89850312552073,0.08129589722706941,0.3502800382898706,794.094785031729,49.56842406448306,2.300734355633111,1.0812958972270694
