R_init,NR_init,M_init,MR_init,KDM5A_init,H4_init,H0_init,PRC2_init,H27_init,KDM6A_init,KMT_init
6.588723439378914,3.960486834463283e-17,6.588723439378912,43.41127656062109,44.41127656062109,0.03357234683146481,0.5916793474840114,544.1222313625299,49.37474830568453,1.3692958151461128,1.537157549303437
