R_init,NR_init,M_init,MR_init,KDM5A_init,H4_init,H0_init,PRC2_init,H27_init,KDM6A_init,KMT_init
6.588723439378913,9.539532103209488e-19,6.588723439378914,43.41127656062109,600.3611437701516,0.05273695536066623,8.215332099726991,668.7108951185976,41.73193094491235,1.3164217321639973,1.5801065089673285
