R_init,NR_init,M_init,MR_init,KDM5A_init,H4_init,H0_init,PRC2_init,H27_init,KDM6A_init,KMT_init
6.588723439378912,-1.10280036902928e-16,6.588723439378914,43.41127656062109,1122.5124589615439,0.0300567888787818,13.429394715323522,402.9460334537747,36.5405484957977,1.4809086220605088,1.0300567888787817
