R_init,NR_init,M_init,MR_init,KDM5A_init,H4_init,H0_init,PRC2_init,H27_init,KDM6A_init,KMT_init
6.588723439378912,-2.693614602241081e-18,6.588723439378914,43.41127656062109,218.05638280310546,0.011262109811033068,0.5099694034839966,545.2664533537546,49.478768486704965,1.180193756976529,1.011262109811033
