R_init,NR_init,M_init,MR_init,KDM5A_init,H4_init,H0_init,PRC2_init,H27_init,KDM6A_init,KMT_init
6.588723439378914,-1.4355690199638952e-17,6.588723439378912,43.41127656062109,218.05638280310546,0.0068728295566740025,0.30225541440298637,299.145230536242,49.69087175604034,1.1099652729067842,1.041236977340044
