R_init,NR_init,M_init,MR_init,KDM5A_init,H4_init,H0_init,PRC2_init,H27_init,KDM6A_init,KMT_init
6.588723439378913,3.5128432732858244e-17,6.588723439378913,43.41127656062109,44.41127656062109,0.0022758566813075457,0.07899325997759497,799.6996941334576,49.9187308833411,1.0250344234943831,1.0364137069009207
