R_init,NR_init,M_init,MR_init,KDM5A_init,H4_init,H0_init,PRC2_init,H27_init,KDM6A_init,KMT_init
6.588723439378914,2.3716834627520474e-17,6.588723439378912,43.41127656062109,218.05638280310546,0.003568936057361928,0.15460002844049478,549.2601413905236,49.84183103550214,1.0392582966309811,1.0571029769177909
