R_init,NR_init,M_init,MR_init,KDM5A_init,H4_init,H0_init,PRC2_init,H27_init,KDM6A_init,KMT_init
6.588723439378913,1.6558509773936294e-18,6.588723439378913,43.41127656062109,1031.2869349881255,0.17868838831597453,0.47752869030880335,297.0626975282513,49.34378292137522,1.1786883883159747,3.8590142130555924
