R_init,NR_init,M_init,MR_init,KDM5A_init,H4_init,H0_init,PRC2_init,H27_init,KDM6A_init,KMT_init
6.588723439378912,-4.9817402945252115e-17,6.5887234393789145,43.41127656062109,391.7014890455898,0.00523612641088297,0.7951129583404392,296.19790549149207,49.199650915248675,1.005236126410883,1.0575973905197127
