R_init,NR_init,M_init,MR_init,KDM5A_init,H4_init,H0_init,PRC2_init,H27_init,KDM6A_init,KMT_init
6.588723439378913,5.082121693865058e-17,6.588723439378913,43.41127656062109,44.41127656062109,0.004561903475683462,0.16336072921178127,798.3132378770006,49.832077367312536,1.0729904556109353,1.0045619034756834
