R_init,NR_init,M_init,MR_init,KDM5A_init,H4_init,H0_init,PRC2_init,H27_init,KDM6A_init,KMT_init
6.588723439378914,2.7113877572062192e-18,6.588723439378913,43.41127656062109,808.4521503944468,0.020667205490678926,8.304266659623622,667.8010581581711,41.6750661348857,1.3306752878508628,1.227339260397468
