R_init,NR_init,M_init,MR_init,KDM5A_init,H4_init,H0_init,PRC2_init,H27_init,KDM6A_init,KMT_init
6.588723439378913,1.1103651711274726e-16,6.588723439378913,43.41127656062109,218.05638280310546,0.0035688924172240324,0.45678180409264296,545.9361423383915,49.53964930349014,1.0571022786755846,1.0392578165894644
