R_init,NR_init,M_init,MR_init,KDM5A_init,H4_init,H0_init,PRC2_init,H27_init,KDM6A_init,KMT_init
6.588723439378913,-2.4151882130513232e-17,6.588723439378913,43.41127656062109,391.7014890455898,0.008311811544253,1.752891591640141,49.238796596815604,48.238796596815604,1.091429926986783,1.132988984708048
