R_init,NR_init,M_init,MR_init,KDM5A_init,H4_init,H0_init,PRC2_init,H27_init,KDM6A_init,KMT_init
6.588723439378914,9.727144573509975e-17,6.588723439378912,43.41127656062109,218.05638280310544,0.0026562039917684467,0.23073135121970537,548.4327368926738,49.76661244478853,1.0424992638682953,1.029218243909453
