R_init,NR_init,M_init,MR_init,KDM5A_init,H4_init,H0_init,PRC2_init,H27_init,KDM6A_init,KMT_init
6.588723439378912,-1.0971829524021423e-16,6.588723439378914,43.41127656062109,391.7014890455898,0.03867028811561403,6.482371041902406,696.6633387197118,43.478958669981985,1.038670288115614,1.4253731692717542
