R_init,NR_init,M_init,MR_init,KDM5A_init,H4_init,H0_init,PRC2_init,H27_init,KDM6A_init,KMT_init
6.588723439378911,-2.4567466046745723e-16,6.5887234393789145,43.41127656062109,44.41127656062109,0.006438278931303337,0.16793149475013258,798.2100836210969,49.82563022631856,1.1030124629008533,1.03862967358782
