R_init,NR_init,M_init,MR_init,KDM5A_init,H4_init,H0_init,PRC2_init,H27_init,KDM6A_init,KMT_init
6.5887234393789145,1.8986390988054302e-16,6.588723439378911,43.41127656062109,638.5044208700847,0.1447582966693995,0.49465533843162407,543.9664500138888,49.36058636489898,1.1447582966693997,1.8685497800163968
