R_init,NR_init,M_init,MR_init,KDM5A_init,H4_init,H0_init,PRC2_init,H27_init,KDM6A_init,KMT_init
6.588723439378912,-3.8632698448205834e-17,6.5887234393789145,43.41127656062109,218.05638280310546,0.005275645535775749,0.22833099120274963,548.4303269958763,49.76639336326148,1.0316538732146543,1.0580321008935334
