R_init,NR_init,M_init,MR_init,KDM5A_init,H4_init,H0_init,PRC2_init,H27_init,KDM6A_init,KMT_init
6.588723439378914,-3.695527104183159e-17,6.588723439378912,43.41127656062109,715.589637451337,0.04934801358165396,0.1973265215951938,797.0532074371704,49.75332546482315,1.2960880814899238,1.7895682173064633
