R_init,NR_init,M_init,MR_init,KDM5A_init,H4_init,H0_init,PRC2_init,H27_init,KDM6A_init,KMT_init
6.588723439378914,1.0108690058276798e-16,6.588723439378912,43.41127656062109,391.7014890455898,0.0019213502916042185,0.4453913742723463,546.0795600297965,49.55268727543605,1.0307416046656674,1.0307416046656674
