R_init,NR_init,M_init,MR_init,KDM5A_init,H4_init,H0_init,PRC2_init,H27_init,KDM6A_init,KMT_init
6.588723439378912,2.9146668841724936e-17,6.588723439378914,43.41127656062109,391.7014890455898,0.014652976715212733,0.9763998575938679,295.0536829941455,49.00894716569092,1.2344476274434037,1.2344476274434037
