R_init,NR_init,M_init,MR_init,KDM5A_init,H4_init,H0_init,PRC2_init,H27_init,KDM6A_init,KMT_init
6.588723439378914,8.4830427525887e-17,6.588723439378912,43.41127656062109,218.05638280310546,0.0012973448042491451,0.11362803343707109,549.7358208393455,49.885074621758676,1.0142707928467405,1.0207575168679863
