R_init,NR_init,M_init,MR_init,KDM5A_init,H4_init,H0_init,PRC2_init,H27_init,KDM6A_init,KMT_init
6.588723439378914,4.7751817225430755e-17,6.588723439378912,43.41127656062109,218.05638280310546,0.0051357053055932035,0.4454227036002813,546.0438575020354,49.54944159109413,1.0308142318335594,1.0308142318335594
