R_init,NR_init,M_init,MR_init,KDM5A_init,H4_init,H0_init,PRC2_init,H27_init,KDM6A_init,KMT_init
6.588723439378912,1.4964747990647807e-17,6.588723439378914,43.41127656062109,44.41127656062109,0.006876389514543423,0.2228471415768797,548.4730411579943,49.77027646890858,1.0068763895145434,1.1100222322326947
