R_init,NR_init,M_init,MR_init,KDM5A_init,H4_init,H0_init,PRC2_init,H27_init,KDM6A_init,KMT_init
6.588723439378912,-3.893499879781415e-17,6.588723439378914,43.41127656062109,640.843784403256,0.026242942538470357,0.14529798592827795,798.2553451445319,49.828459071533246,1.4198870806155257,1.157457655230822
