R_init,NR_init,M_init,MR_init,KDM5A_init,H4_init,H0_init,PRC2_init,H27_init,KDM6A_init,KMT_init
6.588723439378911,-2.5790347404788434e-17,6.5887234393789145,43.41127656062109,391.70148904558977,0.028361391256745805,3.133049419792288,47.83858918895097,46.83858918895097,1.311975303824204,1.4537822601079329
