R_init,NR_init,M_init,MR_init,KDM5A_init,H4_init,H0_init,PRC2_init,H27_init,KDM6A_init,KMT_init
6.588723439378913,-1.3316888214887004e-18,6.588723439378912,43.41127656062109,403.59972355205804,0.06898557352391353,12.82234627668557,409.1953496476957,37.10866814979052,1.413913441143481,1.758841308763049
