R_init,NR_init,M_init,MR_init,KDM5A_init,H4_init,H0_init,PRC2_init,H27_init,KDM6A_init,KMT_init
6.588723439378912,2.5298030103723872e-17,6.588723439378914,43.41127656062109,44.41127656062109,0.009200489102260154,0.0813181474843505,799.5517018146141,49.909481363413384,1.0552029346135607,1.0552029346135607
