R_init,NR_init,M_init,MR_init,KDM5A_init,H4_init,H0_init,PRC2_init,H27_init,KDM6A_init,KMT_init
6.588723439378913,-2.5302317227347837e-17,6.588723439378913,43.41127656062109,44.41127656062109,0.018369720309606187,0.384609238469896,794.552336659528,49.5970210412205,1.2939155249536989,1.2939155249536989
