R_init,NR_init,M_init,MR_init,KDM5A_init,H4_init,H0_init,PRC2_init,H27_init,KDM6A_init,KMT_init
6.588723439378913,4.956234472791906e-17,6.588723439378913,43.41127656062109,613.36662536302,0.03490220413667711,5.632070532377274,45.333027263486045,44.333027263486045,1.2094132248200626,1.5584352661868337
