R_init,NR_init,M_init,MR_init,KDM5A_init,H4_init,H0_init,PRC2_init,H27_init,KDM6A_init,KMT_init
6.588723439378913,-8.979120877844554e-17,6.588723439378913,43.41127656062109,218.05638280310544,0.0024170837201406377,0.21300570280858383,299.70746328082765,49.78457721347127,1.0386733395222503,1.0145025023208438
