R_init,NR_init,M_init,MR_init,KDM5A_init,H4_init,H0_init,PRC2_init,H27_init,KDM6A_init,KMT_init
6.588723439378912,3.9171004141288304e-17,6.588723439378914,43.41127656062109,391.7014890455898,0.03926622182558358,2.6140667402909847,48.34666703788343,47.34666703788343,1.628259549209337,1.2355973309535013
