R_init,NR_init,M_init,MR_init,KDM5A_init,H4_init,H0_init,PRC2_init,H27_init,KDM6A_init,KMT_init
6.588723439378912,3.132842347979544e-18,6.5887234393789145,43.41127656062109,218.05638280310544,0.003214368148995045,0.4129559141450609,298.50297830623566,49.583829717705946,1.0192862088939703,1.0353580496389454
