R_init,NR_init,M_init,MR_init,KDM5A_init,H4_init,H0_init,PRC2_init,H27_init,KDM6A_init,KMT_init
6.588723439378914,7.237649483011905e-17,6.588723439378912,43.41127656062109,391.7014890455898,0.14149649200406103,0.16980802607262124,547.5756503011565,49.68869548192332,1.1414964920040611,3.2639438720649765
