R_init,NR_init,M_init,MR_init,KDM5A_init,H4_init,H0_init,PRC2_init,H27_init,KDM6A_init,KMT_init
6.588723439378912,5.810986030352466e-17,6.588723439378914,43.41127656062109,44.41127656062109,0.026191150716717383,0.6131816837559416,543.9668988208008,49.36062716552734,1.4190584114674782,1.1571469043003042
