R_init,NR_init,M_init,MR_init,KDM5A_init,H4_init,H0_init,PRC2_init,H27_init,KDM6A_init,KMT_init
6.5887234393789145,2.1386656016137904e-16,6.588723439378911,43.41127656062109,218.05638280310544,0.0012973393609993084,0.22448372871079006,548.5164082512104,49.77421893192821,1.0142707329709926,1.020757429775989
