R_init,NR_init,M_init,MR_init,KDM5A_init,H4_init,H0_init,PRC2_init,H27_init,KDM6A_init,KMT_init
6.5887234393789145,1.4295890144168113e-16,6.588723439378911,43.41127656062109,44.41127656062109,0.009065910215950069,0.22333171585578623,548.4436261132109,49.76760237392826,1.00906591021595,1.0997250123754507
