R_init,NR_init,M_init,MR_init,KDM5A_init,H4_init,H0_init,PRC2_init,H27_init,KDM6A_init,KMT_init
6.588723439378914,-7.561786318272983e-17,6.588723439378912,43.41127656062109,391.7014890455898,0.0011832342117780925,0.2774665804033951,299.32810111230896,49.72135018538483,1.0189317473884494,1.0189317473884494
