R_init,NR_init,M_init,MR_init,KDM5A_init,H4_init,H0_init,PRC2_init,H27_init,KDM6A_init,KMT_init
6.588723439378914,-9.02749773061737e-17,6.588723439378912,43.41127656062109,44.41127656062109,0.0335912764582313,0.44662219597957104,545.7176518031841,49.5197865275622,1.0335912764582313,1.3695040410405441
