R_init,NR_init,M_init,MR_init,KDM5A_init,H4_init,H0_init,PRC2_init,H27_init,KDM6A_init,KMT_init
6.588723439378913,1.6608972846257505e-18,6.588723439378912,43.41127656062109,218.05638280310546,0.004855006237643201,0.21104860546434023,299.7045783297881,49.78409638829802,1.0291300374258592,1.0534050686140752
