R_init,NR_init,M_init,MR_init,KDM5A_init,H4_init,H0_init,PRC2_init,H27_init,KDM6A_init,KMT_init
6.588723439378912,3.7407268998315613e-17,6.588723439378914,43.41127656062109,391.7014890455898,0.05707585282500011,8.377747176254253,666.0428315347319,41.565176970920746,1.3424551169500007,1.6278343810750011
