R_init,NR_init,M_init,MR_init,KDM5A_init,H4_init,H0_init,PRC2_init,H27_init,KDM6A_init,KMT_init
6.588723439378912,-1.1903213097089795e-16,6.588723439378914,43.41127656062109,391.7014890455898,0.0019114594026708985,0.3034951012634708,796.1134950293417,49.69459343933386,1.0210260534293798,1.0114687564160254
