R_init,NR_init,M_init,MR_init,KDM5A_init,H4_init,H0_init,PRC2_init,H27_init,KDM6A_init,KMT_init
6.588723439378914,-1.0911279110988788e-16,6.588723439378911,43.41127656062108,44.41127656062108,0.006494841520207089,0.16421864873252237,549.12215160722,49.82928650974727,1.1039174643233134,1.071443256722278
