R_init,NR_init,M_init,MR_init,KDM5A_init,H4_init,H0_init,PRC2_init,H27_init,KDM6A_init,KMT_init
6.588723439378912,1.071713115060423e-16,6.588723439378914,43.41127656062109,218.05638280310546,0.0025537227589977484,0.4387286876994651,546.1458934849569,49.55871758954154,1.0153223365539865,1.0280909503489752
