R_init,NR_init,M_init,MR_init,KDM5A_init,H4_init,H0_init,PRC2_init,H27_init,KDM6A_init,KMT_init
6.588723439378912,4.287092355185065e-17,6.588723439378914,43.41127656062109,391.7014890455898,0.015623321695888948,2.007297627409704,48.9770790508944,47.9770790508944,1.2499731471342233,1.2499731471342233
