R_init,NR_init,M_init,MR_init,KDM5A_init,H4_init,H0_init,PRC2_init,H27_init,KDM6A_init,KMT_init
6.588723439378914,-1.0626791226517983e-16,6.588723439378912,43.41127656062109,391.7014890455898,0.0014215730277998414,0.2247861817256645,548.5117146977119,49.77379224524654,1.0156373033057982,1.0156373033057982
