R_init,NR_init,M_init,MR_init,KDM5A_init,H4_init,H0_init,PRC2_init,H27_init,KDM6A_init,KMT_init
6.588723439378914,-3.3819563480769704e-17,6.588723439378912,43.41127656062109,391.7014890455898,0.023069923618433245,5.838063509468689,45.138866566912874,44.138866566912874,1.2537691598027658,1.2537691598027658
