R_init,NR_init,M_init,MR_init,KDM5A_init,H4_init,H0_init,PRC2_init,H27_init,KDM6A_init,KMT_init
6.58872343937891,-1.6549755200649175e-17,6.5887234393789145,43.41127656062109,391.7014890455898,0.00793554206935239,1.8099253890174236,49.18213906891322,48.18213906891322,1.1269686731096382,1.0476132524161144
