R_init,NR_init,M_init,MR_init,KDM5A_init,H4_init,H0_init,PRC2_init,H27_init,KDM6A_init,KMT_init
6.588723439378913,3.510273940010755e-17,6.588723439378914,43.41127656062109,854.5030444614803,0.05592664133140133,7.514295914776947,43.42977744389165,42.42977744389165,1.6151930546454145,1.3355598479884079
