R_init,NR_init,M_init,MR_init,KDM5A_init,H4_init,H0_init,PRC2_init,H27_init,KDM6A_init,KMT_init
6.588723439378914,1.5702151018418605e-17,6.588723439378913,43.41127656062109,218.05638280310546,0.008338928691498493,0.33690417358337044,795.4761103636021,49.65475689772513,1.1334228590639759,1.1334228590639759
