R_init,NR_init,M_init,MR_init,KDM5A_init,H4_init,H0_init,PRC2_init,H27_init,KDM6A_init,KMT_init
6.588723439378912,8.357981458236346e-17,6.588723439378914,43.41127656062109,391.7014890455898,0.008287744456285433,1.2197896061755236,49.77192264936819,48.77192264936819,1.0082877444562854,1.0911651890191398
