R_init,NR_init,M_init,MR_init,KDM5A_init,H4_init,H0_init,PRC2_init,H27_init,KDM6A_init,KMT_init
6.588723439378912,1.7033075035212507e-18,6.5887234393789145,43.41127656062109,218.05638280310544,0.005338897172358472,0.4397496017916872,298.32946900621573,49.55491150103595,1.0854223547577355,1.0854223547577355
