R_init,NR_init,M_init,MR_init,KDM5A_init,H4_init,H0_init,PRC2_init,H27_init,KDM6A_init,KMT_init
6.5887234393789145,3.6392922645031475e-17,6.588723439378911,43.41127656062109,218.05638280310544,0.023025589049445214,2.443772458629669,48.53320195232089,47.53320195232089,1.0230255890494453,1.2532814795438973
