R_init,NR_init,M_init,MR_init,KDM5A_init,H4_init,H0_init,PRC2_init,H27_init,KDM6A_init,KMT_init
6.588723439378913,-3.799659217135447e-17,6.588723439378912,43.41127656062109,589.6645546663627,0.13279966950487526,10.274587206340557,436.51874436570023,39.59261312415457,1.1327996695048752,3.124794712078004
