R_init,NR_init,M_init,MR_init,KDM5A_init,H4_init,H0_init,PRC2_init,H27_init,KDM6A_init,KMT_init
6.588723439378911,-1.0325237986922665e-16,6.5887234393789145,43.41127656062109,44.41127656062109,0.010820156415446437,0.2752575655073513,299.2835336684632,49.7139222780772,1.0108201564154464,1.0649209384926785
