R_init,NR_init,M_init,MR_init,KDM5A_init,H4_init,H0_init,PRC2_init,H27_init,KDM6A_init,KMT_init
6.588723439378914,5.4389156118657937e-17,6.588723439378912,43.41127656062109,218.05638280310546,0.025503374839451892,0.9119973555087388,295.3749956179108,49.06249926965181,1.1530202490367114,1.2805371232339708
