R_init,NR_init,M_init,MR_init,KDM5A_init,H4_init,H0_init,PRC2_init,H27_init,KDM6A_init,KMT_init
6.588723439378912,-6.741856544967552e-17,6.588723439378914,43.41127656062109,218.05638280310546,0.0035688935373680754,0.44907121184220766,546.0209588408246,49.54735989462042,1.0392578289110488,1.0571022965978891
