R_init,NR_init,M_init,MR_init,KDM5A_init,H4_init,H0_init,PRC2_init,H27_init,KDM6A_init,KMT_init
6.588723439378913,-3.2696883485598354e-17,6.588723439378914,43.41127656062109,44.41127656062109,0.004679171097757525,0.0810305503920324,799.6286444561634,49.914290278510215,1.051470882075333,1.051470882075333
