R_init,NR_init,M_init,MR_init,KDM5A_init,H4_init,H0_init,PRC2_init,H27_init,KDM6A_init,KMT_init
6.588723439378913,-5.846371985583344e-17,6.588723439378913,43.41127656062109,811.1418888741119,0.01799937847830126,8.037960638669485,672.1046397256354,41.94403998285221,1.28799005565282,1.1079962708698075
