R_init,NR_init,M_init,MR_init,KDM5A_init,H4_init,H0_init,PRC2_init,H27_init,KDM6A_init,KMT_init
6.588723439378914,1.0892660343311073e-18,6.588723439378913,43.41127656062109,419.3841622403503,0.16294231691000396,12.339769115117083,600.9566170875667,37.497288567972916,1.9776539014600236,1.162942316910004
