R_init,NR_init,M_init,MR_init,KDM5A_init,H4_init,H0_init,PRC2_init,H27_init,KDM6A_init,KMT_init
6.588723439378911,5.313468986911387e-17,6.5887234393789145,43.41127656062109,218.05638280310544,0.001297344768645254,0.11435473340799553,549.727827140057,49.88434792182336,1.020757516298324,1.0142707924550978
