R_init,NR_init,M_init,MR_init,KDM5A_init,H4_init,H0_init,PRC2_init,H27_init,KDM6A_init,KMT_init
6.588723439378913,-1.2595999392038998e-17,6.588723439378913,43.41127656062109,218.05638280310546,0.011262146198099416,0.4369741355477953,546.0694009007952,49.55176371825411,1.0112621461980995,1.1801943391695908
