R_init,NR_init,M_init,MR_init,KDM5A_init,H4_init,H0_init,PRC2_init,H27_init,KDM6A_init,KMT_init
6.588723439378912,5.240207562292177e-19,6.588723439378914,43.41127656062109,816.7801864514117,0.017965873013978104,7.474164386403831,681.1259158493151,42.507869740582194,1.1976246031537592,1.1976246031537592
