R_init,NR_init,M_init,MR_init,KDM5A_init,H4_init,H0_init,PRC2_init,H27_init,KDM6A_init,KMT_init
6.588723439378914,-7.608213498587557e-17,6.588723439378912,43.41127656062109,391.70148904558977,0.03107993354506818,2.1547372660779414,48.814182800377,47.814182800377,1.34187926899575,1.1864796012704089
