R_init,NR_init,M_init,MR_init,KDM5A_init,H4_init,H0_init,PRC2_init,H27_init,KDM6A_init,KMT_init
6.588723439378913,1.1960501564591745e-17,6.588723439378913,43.41127656062109,44.41127656062109,0.013128246977751784,0.43778044877927746,546.0400043466727,49.54909130424297,1.0131282469777518,1.0787694818665108
