R_init,NR_init,M_init,MR_init,KDM5A_init,H4_init,H0_init,PRC2_init,H27_init,KDM6A_init,KMT_init
6.588723439378913,2.496629612032065e-17,6.588723439378913,43.41127656062109,44.41127656062109,0.0031374101989570923,0.08093250373592631,799.6548813770419,49.91593008606512,1.0501985631833135,1.0501985631833135
