R_init,NR_init,M_init,MR_init,KDM5A_init,H4_init,H0_init,PRC2_init,H27_init,KDM6A_init,KMT_init
6.588723439378913,2.1436085888216123e-17,6.588723439378913,43.41127656062109,218.05638280310546,0.0047363733717013445,0.8134483498597173,296.0908916606115,49.18181527676858,1.028418240230208,1.028418240230208
