R_init,NR_init,M_init,MR_init,KDM5A_init,H4_init,H0_init,PRC2_init,H27_init,KDM6A_init,KMT_init
6.588723439378913,3.38614126159089e-17,6.588723439378913,43.41127656062109,791.649688936892,0.09283622351070536,9.912343787359077,440.9430198804323,39.994819989130214,1.0928362235107054,1.5570173410642323
