R_init,NR_init,M_init,MR_init,KDM5A_init,H4_init,H0_init,PRC2_init,H27_init,KDM6A_init,KMT_init
6.588723439378912,7.091171060927353e-18,6.588723439378914,43.41127656062109,44.41127656062109,0.019811325428195914,0.15170702367713781,549.1132981598413,49.828481650894666,1.019811325428196,1.2179245797101552
