R_init,NR_init,M_init,MR_init,KDM5A_init,H4_init,H0_init,PRC2_init,H27_init,KDM6A_init,KMT_init
6.588723439378913,-2.721078059356815e-17,6.588723439378913,43.41127656062109,218.05638280310546,0.024691713635808164,1.1034333494523534,294.231249621471,48.87187493691184,1.3950674181729308,1.0246917136358082
