R_init,NR_init,M_init,MR_init,KDM5A_init,H4_init,H0_init,PRC2_init,H27_init,KDM6A_init,KMT_init
6.588723439378912,3.0688489816687954e-17,6.588723439378914,43.41127656062109,218.05638280310546,0.005766267905099252,0.24174459404641604,548.2773805185333,49.75248913804848,1.092260286481588,1.092260286481588
