R_init,NR_init,M_init,MR_init,KDM5A_init,H4_init,H0_init,PRC2_init,H27_init,KDM6A_init,KMT_init
6.588723439378912,1.458330978401456e-16,6.588723439378914,43.41127656062109,1050.9783242888323,0.048114740978475894,6.00009624280536,44.95178901621616,43.95178901621616,1.2886884458708554,1.7698358556556142
