R_init,NR_init,M_init,MR_init,KDM5A_init,H4_init,H0_init,PRC2_init,H27_init,KDM6A_init,KMT_init
6.588723439378913,2.6081495998119394e-16,6.588723439378913,43.41127656062109,391.7014890455898,0.0018840470566075468,0.15044162234379022,549.3244176365956,49.8476743305996,1.0113042823396452,1.0301447529057206
