R_init,NR_init,M_init,MR_init,KDM5A_init,H4_init,H0_init,PRC2_init,H27_init,KDM6A_init,KMT_init
6.588723439378911,1.2622543508007724e-16,6.5887234393789145,43.41127656062109,391.70148904558977,0.005454638325971738,0.43446480033536766,546.1608861747252,49.56008056133866,1.0054546383259717,1.0327278299558305
