R_init,NR_init,M_init,MR_init,KDM5A_init,H4_init,H0_init,PRC2_init,H27_init,KDM6A_init,KMT_init
6.588723439378914,5.172981983383428e-17,6.588723439378912,43.41127656062109,391.7014890455898,0.015612273654338465,2.984777420799807,47.99961030554585,46.99961030554585,1.2497963784694153,1.2497963784694153
