R_init,NR_init,M_init,MR_init,KDM5A_init,H4_init,H0_init,PRC2_init,H27_init,KDM6A_init,KMT_init
6.588723439378912,-1.3002216113769976e-18,6.588723439378913,43.41127656062109,218.05638280310546,0.0017697550602190598,0.15386477129880435,798.5098475782556,49.84436547364098,1.0106185303613142,1.028316080963505
