R_init,NR_init,M_init,MR_init,KDM5A_init,H4_init,H0_init,PRC2_init,H27_init,KDM6A_init,KMT_init
6.588723439378913,7.082593622013577e-17,6.588723439378913,43.41127656062109,391.7014890455898,0.002862748085964883,0.44571483974622406,546.0656465338459,49.55142241216781,1.0314902289456136,1.0314902289456136
