R_init,NR_init,M_init,MR_init,KDM5A_init,H4_init,H0_init,PRC2_init,H27_init,KDM6A_init,KMT_init
6.588723439378914,-2.0245884780175568e-17,6.588723439378912,43.41127656062109,631.4078460387115,0.016965902087287807,2.0417626992883773,48.94127139862434,47.94127139862434,1.271454433396605,1.1017954125237268
