R_init,NR_init,M_init,MR_init,KDM5A_init,H4_init,H0_init,PRC2_init,H27_init,KDM6A_init,KMT_init
6.588723439378911,-6.035786930834707e-17,6.5887234393789145,43.41127656062109,391.7014890455898,0.0012876403016592796,0.30145542193714314,796.1561110041791,49.697256937761196,1.0141640433182522,1.0206022448265484
