R_init,NR_init,M_init,MR_init,KDM5A_init,H4_init,H0_init,PRC2_init,H27_init,KDM6A_init,KMT_init
6.5887234393789145,-1.7585848025635395e-16,6.58872343937891,43.41127656062109,44.41127656062109,0.009501094635897956,0.223428028784444,548.4377796423761,49.76707087657965,1.009501094635898,1.1520175141743672
