R_init,NR_init,M_init,MR_init,KDM5A_init,H4_init,H0_init,PRC2_init,H27_init,KDM6A_init,KMT_init
6.588723439378912,-1.587389248285149e-17,6.588723439378914,43.41127656062109,391.7014890455898,0.003715658793884086,0.8379926255405435,295.9497502939934,49.15829171566557,1.0594505407021453,1.0594505407021453
