R_init,NR_init,M_init,MR_init,KDM5A_init,H4_init,H0_init,PRC2_init,H27_init,KDM6A_init,KMT_init
6.588723439378912,4.807225852870848e-17,6.5887234393789145,43.41127656062109,218.05638280310544,0.20004952854736363,5.588127158231247,45.211823313221394,44.211823313221394,1.2000495285473636,3.2005448140209998
