R_init,NR_init,M_init,MR_init,KDM5A_init,H4_init,H0_init,PRC2_init,H27_init,KDM6A_init,KMT_init
6.588723439378912,-1.2531387762934295e-17,6.588723439378913,43.41127656062109,1018.1014018377539,0.02870674173295145,8.211299072122774,669.1599069783083,41.75999418614427,1.315774159062466,1.4593078677272233
