R_init,NR_init,M_init,MR_init,KDM5A_init,H4_init,H0_init,PRC2_init,H27_init,KDM6A_init,KMT_init
6.588723439378913,4.0242973787220056e-17,6.588723439378913,43.41127656062109,218.05638280310546,0.013203518901278652,1.627338491650308,49.359457989448416,48.359457989448416,1.0132035189012787,1.079221113407672
