R_init,NR_init,M_init,MR_init,KDM5A_init,H4_init,H0_init,PRC2_init,H27_init,KDM6A_init,KMT_init
6.5887234393789145,8.848727055033215e-17,6.58872343937891,43.41127656062109,459.56506465562967,0.02401368317204831,1.6742499463231078,49.30173637050484,48.30173637050484,1.384218930752773,1.384218930752773
