R_init,NR_init,M_init,MR_init,KDM5A_init,H4_init,H0_init,PRC2_init,H27_init,KDM6A_init,KMT_init
6.588723439378912,4.056735579066875e-17,6.588723439378914,43.41127656062109,713.4822772994116,0.14548567224285305,0.31192487812653136,298.2555366977837,49.54258944963062,1.1454856722428532,3.327770755885649
