R_init,NR_init,M_init,MR_init,KDM5A_init,H4_init,H0_init,PRC2_init,H27_init,KDM6A_init,KMT_init
6.588723439378912,-9.737984040777122e-17,6.588723439378914,43.41127656062109,391.7014890455898,0.005385673221129814,0.41823382823060334,298.4582829912896,49.57638049854827,1.032314039326779,1.0592424054324279
