R_init,NR_init,M_init,MR_init,KDM5A_init,H4_init,H0_init,PRC2_init,H27_init,KDM6A_init,KMT_init
6.588723439378912,3.2393012846528077e-16,6.588723439378914,43.41127656062109,218.05638280310544,0.374220533050427,0.5937997129652254,540.3517772938278,49.03197975398435,1.374220533050427,1.374220533050427
