R_init,NR_init,M_init,MR_init,KDM5A_init,H4_init,H0_init,PRC2_init,H27_init,KDM6A_init,KMT_init
6.588723439378911,-1.2988019417874401e-17,6.5887234393789145,43.41127656062109,569.239847870805,0.09790670972206028,14.394421525234918,391.5843894154732,35.50767176504302,1.5874402583323617,1.5874402583323617
