R_init,NR_init,M_init,MR_init,KDM5A_init,H4_init,H0_init,PRC2_init,H27_init,KDM6A_init,KMT_init
6.588723439378913,2.369137407913258e-17,6.588723439378913,43.41127656062109,639.7870483132001,0.06940208973570318,0.313486056742237,546.7882303887427,49.617111853522054,1.416412538414219,1.416412538414219
