R_init,NR_init,M_init,MR_init,KDM5A_init,H4_init,H0_init,PRC2_init,H27_init,KDM6A_init,KMT_init
6.588723439378912,-4.439086248300742e-18,6.5887234393789145,43.41127656062109,218.05638280310546,0.0017481271526880347,0.30036296717470473,796.1662224907617,49.697888905672606,1.010488762916128,1.0279700344430085
