R_init,NR_init,M_init,MR_init,KDM5A_init,H4_init,H0_init,PRC2_init,H27_init,KDM6A_init,KMT_init
6.58872343937891,3.7117015732979805e-17,6.5887234393789145,43.41127656062109,1211.3545298457525,0.03993468405850148,0.2951579638091453,298.9894441127941,49.66490735213235,1.4392815246435162,1.6389549449360237
