R_init,NR_init,M_init,MR_init,KDM5A_init,H4_init,H0_init,PRC2_init,H27_init,KDM6A_init,KMT_init
6.5887234393789145,-4.0229880220423686e-17,6.588723439378911,43.41127656062109,218.05638280310544,0.007958389621256444,0.33509437934900366,795.5111556964758,49.65694723102974,1.1273342339401031,1.0875422858338208
