R_init,NR_init,M_init,MR_init,KDM5A_init,H4_init,H0_init,PRC2_init,H27_init,KDM6A_init,KMT_init
6.588723439378912,1.4940749165763566e-17,6.588723439378914,43.41127656062109,44.41127656062109,0.009180978646012895,0.3272639716780561,795.6168807948148,49.66355504967593,1.100990765106142,1.0091809786460129
