R_init,NR_init,M_init,MR_init,KDM5A_init,H4_init,H0_init,PRC2_init,H27_init,KDM6A_init,KMT_init
6.588723439378914,-1.41582808804314e-17,6.588723439378912,43.41127656062109,44.41127656062109,0.012243335285794856,0.2923147312365573,299.1726516008659,49.695441933477646,1.0734600117147692,1.1346766881437433
