R_init,NR_init,M_init,MR_init,KDM5A_init,H4_init,H0_init,PRC2_init,H27_init,KDM6A_init,KMT_init
6.588723439378912,-1.446773158690815e-16,6.588723439378914,43.41127656062109,715.2535586677548,0.04988829183119443,0.23039412170387338,547.9168934511142,49.71971758646493,1.5487712101431386,1.5487712101431386
