R_init,NR_init,M_init,MR_init,KDM5A_init,H4_init,H0_init,PRC2_init,H27_init,KDM6A_init,KMT_init
6.588723439378914,9.630196733953078e-17,6.588723439378912,43.41127656062109,218.05638280310546,0.002387763423931454,0.41094663785999563,298.51999359229643,49.586665598716074,1.0143265805435888,1.0262653976632459
