R_init,NR_init,M_init,MR_init,KDM5A_init,H4_init,H0_init,PRC2_init,H27_init,KDM6A_init,KMT_init
6.588723439378913,-7.518998535049815e-17,6.588723439378913,43.41127656062109,627.548463016279,0.07310375205320849,8.97768822662944,656.1873283410777,40.949208021317354,1.4386225123192509,1.0731037520532085
