R_init,NR_init,M_init,MR_init,KDM5A_init,H4_init,H0_init,PRC2_init,H27_init,KDM6A_init,KMT_init
6.588723439378913,7.784947712985127e-17,6.588723439378913,43.41127656062109,218.05638280310546,0.0033807809481851948,0.43356871793798685,546.1935555122521,49.56305050111383,1.0033807809481852,1.037188590430037
