R_init,NR_init,M_init,MR_init,KDM5A_init,H4_init,H0_init,PRC2_init,H27_init,KDM6A_init,KMT_init
6.5887234393789145,-9.199771947941243e-17,6.588723439378911,43.41127656062109,44.41127656062109,0.00869841256743626,0.23361555528216998,299.5461161929024,49.757686032150396,1.1391746010789803,1.0086984125674363
