R_init,NR_init,M_init,MR_init,KDM5A_init,H4_init,H0_init,PRC2_init,H27_init,KDM6A_init,KMT_init
6.5887234393789145,-3.3492341311113856e-17,6.588723439378911,43.41127656062109,391.70148904558977,0.008730306076727062,1.8303314170625389,49.16093827686073,48.16093827686073,1.139684897227633,1.139684897227633
