R_init,NR_init,M_init,MR_init,KDM5A_init,H4_init,H0_init,PRC2_init,H27_init,KDM6A_init,KMT_init
6.5887234393789145,8.335302885123325e-17,6.588723439378911,43.41127656062109,44.41127656062109,0.018894579122673314,0.5219153061590881,545.0510912619006,49.45919011471824,1.2078403703494065,1.302313265962773
