R_init,NR_init,M_init,MR_init,KDM5A_init,H4_init,H0_init,PRC2_init,H27_init,KDM6A_init,KMT_init
6.588723439378912,2.82141797830638e-17,6.588723439378914,43.41127656062109,218.05638280310546,0.05892729322356591,1.6371731808718821,49.30389952590455,48.30389952590455,1.3535637593413954,1.648200225459225
