R_init,NR_init,M_init,MR_init,KDM5A_init,H4_init,H0_init,PRC2_init,H27_init,KDM6A_init,KMT_init
6.588723439378914,3.0583481367234236e-18,6.588723439378912,43.41127656062109,218.05638280310546,0.008509783937556258,1.3743926597481626,49.617097556314285,48.617097556314285,1.1361565430009002,1.093607623313119
