R_init,NR_init,M_init,MR_init,KDM5A_init,H4_init,H0_init,PRC2_init,H27_init,KDM6A_init,KMT_init
6.5887234393789145,1.6747987125216394e-18,6.58872343937891,43.41127656062109,641.0070331280417,0.022652285270163178,0.11623889823946566,798.777741063846,49.86110881649037,1.135913711620979,1.249175137971795
