R_init,NR_init,M_init,MR_init,KDM5A_init,H4_init,H0_init,PRC2_init,H27_init,KDM6A_init,KMT_init
6.588723439378913,-4.8932819841823945e-17,6.588723439378913,43.41127656062109,686.3604274788967,0.028661965718752364,3.140933566702114,47.83040446757913,46.83040446757913,1.315281622906276,1.315281622906276
