R_init,NR_init,M_init,MR_init,KDM5A_init,H4_init,H0_init,PRC2_init,H27_init,KDM6A_init,KMT_init
6.588723439378914,2.7707859426208882e-17,6.588723439378913,43.41127656062109,391.7014890455898,0.07804160792570942,0.2082003839260795,547.8513380896303,49.71375800814821,1.8584576871828036,1.4682496475542566
