R_init,NR_init,M_init,MR_init,KDM5A_init,H4_init,H0_init,PRC2_init,H27_init,KDM6A_init,KMT_init
6.588723439378913,-4.065286892787383e-17,6.588723439378913,43.41127656062109,636.2220965416984,0.1702573610986833,0.9256211396796069,294.42472899533027,48.90412149922171,1.1702573610986833,1.1702573610986833
