R_init,NR_init,M_init,MR_init,KDM5A_init,H4_init,H0_init,PRC2_init,H27_init,KDM6A_init,KMT_init
6.588723439378911,4.1010459704565456e-17,6.5887234393789145,43.41127656062109,218.05638280310544,0.019055051523295244,2.0953905895686575,48.885554358908045,47.885554358908045,1.304880824372724,1.2096055667562475
