R_init,NR_init,M_init,MR_init,KDM5A_init,H4_init,H0_init,PRC2_init,H27_init,KDM6A_init,KMT_init
6.588723439378915,1.4763088997765387e-16,6.58872343937891,43.41127656062109,551.6707069660063,0.05184446058551461,16.58672312312441,367.9757565791909,33.36143241629008,1.8295113693682337,1.0518444605855146
