R_init,NR_init,M_init,MR_init,KDM5A_init,H4_init,H0_init,PRC2_init,H27_init,KDM6A_init,KMT_init
6.588723439378912,-7.713074959090945e-17,6.588723439378914,43.41127656062109,218.05638280310544,0.15667922467572304,0.29537061152595145,793.7672026207732,49.547950163798326,1.9400753480543382,1.156679224675723
