R_init,NR_init,M_init,MR_init,KDM5A_init,H4_init,H0_init,PRC2_init,H27_init,KDM6A_init,KMT_init
6.588723439378912,-1.5782453621090923e-17,6.588723439378914,43.41127656062109,640.7851632237036,0.031911279140202045,0.15135388523703333,548.9840831918503,49.81673483562276,1.3510240705422225,1.3510240705422225
