R_init,NR_init,M_init,MR_init,KDM5A_init,H4_init,H0_init,PRC2_init,H27_init,KDM6A_init,KMT_init
6.588723439378912,-9.880956322771684e-17,6.588723439378914,43.41127656062109,218.05638280310546,0.006872546753164358,0.8235855545757124,296.0172513920267,49.16954189867112,1.0412352805189862,1.1099607480506297
