R_init,NR_init,M_init,MR_init,KDM5A_init,H4_init,H0_init,PRC2_init,H27_init,KDM6A_init,KMT_init
6.588723439378912,-7.931659338598864e-17,6.588723439378914,43.41127656062109,391.7014890455898,0.003574903895807735,0.2781521143905884,299.30963789028164,49.7182729817136,1.0214494233748463,1.0571984623329238
