R_init,NR_init,M_init,MR_init,KDM5A_init,H4_init,H0_init,PRC2_init,H27_init,KDM6A_init,KMT_init
6.588723439378913,-3.126845653534707e-19,6.588723439378913,43.41127656062109,218.05638280310546,0.1565949142006113,7.21813450600279,683.0043292767456,42.6252705797966,1.1565949142006113,1.9395694852036678
