R_init,NR_init,M_init,MR_init,KDM5A_init,H4_init,H0_init,PRC2_init,H27_init,KDM6A_init,KMT_init
6.588723439378912,4.3447572604998436e-17,6.588723439378914,43.41127656062109,218.05638280310546,0.05856148790983374,6.290968688001686,44.65046982408848,43.65046982408848,1.3513689274590026,1.644176367008171
