R_init,NR_init,M_init,MR_init,KDM5A_init,H4_init,H0_init,PRC2_init,H27_init,KDM6A_init,KMT_init
6.588723439378911,8.47547094891862e-17,6.5887234393789145,43.41127656062109,44.41127656062109,0.010082354045045818,0.24587125859907633,548.1845102609146,49.74404638735588,1.1109058944955041,1.1109058944955041
