R_init,NR_init,M_init,MR_init,KDM5A_init,H4_init,H0_init,PRC2_init,H27_init,KDM6A_init,KMT_init
6.588723439378914,3.567646304972189e-17,6.588723439378913,43.41127656062109,655.9978457196646,0.02053601945729917,6.1853176888867845,44.79414629165592,43.79414629165592,1.3285763113167868,1.3285763113167868
