R_init,NR_init,M_init,MR_init,KDM5A_init,H4_init,H0_init,PRC2_init,H27_init,KDM6A_init,KMT_init
6.588723439378914,3.2683136433706635e-17,6.588723439378912,43.41127656062109,391.7014890455898,0.02008377399613745,5.219126465466543,45.76078976053732,44.76078976053732,1.1205026439768246,1.2209215139575118
