R_init,NR_init,M_init,MR_init,KDM5A_init,H4_init,H0_init,PRC2_init,H27_init,KDM6A_init,KMT_init
6.588723439378914,1.1282556727937341e-16,6.588723439378912,43.41127656062109,218.05638280310546,0.0023237598449275844,0.30138957941024375,796.1405865719173,49.69628666074483,1.0139425590695654,1.0255613582942034
