R_init,NR_init,M_init,MR_init,KDM5A_init,H4_init,H0_init,PRC2_init,H27_init,KDM6A_init,KMT_init
6.588723439378913,-1.1922656526826373e-16,6.588723439378913,43.41127656062109,391.7014890455898,0.0028621619123286417,0.43952834346413744,546.1337044408589,49.557609494623534,1.017172971473972,1.0457945905972583
