R_init,NR_init,M_init,MR_init,KDM5A_init,H4_init,H0_init,PRC2_init,H27_init,KDM6A_init,KMT_init
6.588723439378914,1.3555727058315282e-17,6.588723439378913,43.41127656062109,44.41127656062109,0.0043171733701556,0.10939928895448697,799.1805366028058,49.88628353767536,1.0690747739224897,1.0690747739224897
