R_init,NR_init,M_init,MR_init,KDM5A_init,H4_init,H0_init,PRC2_init,H27_init,KDM6A_init,KMT_init
6.588723439378914,-3.565164138153256e-17,6.588723439378912,43.41127656062109,218.05638280310546,0.373735823153405,12.458036598388334,409.8505033630409,37.168227578458264,1.373735823153405,1.373735823153405
