R_init,NR_init,M_init,MR_init,KDM5A_init,H4_init,H0_init,PRC2_init,H27_init,KDM6A_init,KMT_init
6.588723439378913,-3.8381762757606545e-17,6.588723439378913,43.41127656062109,539.2571444425516,0.0739047259606081,17.806019110094777,193.72045698366767,32.12007616394461,1.073904725960608,1.8129519855666891
