R_init,NR_init,M_init,MR_init,KDM5A_init,H4_init,H0_init,PRC2_init,H27_init,KDM6A_init,KMT_init
6.588723439378912,1.0261377715658495e-16,6.588723439378914,43.41127656062109,44.41127656062109,0.007450268380835347,0.12538357682326562,549.5388277027548,49.867166154795896,1.1192042940933655,1.0819529521891886
