R_init,NR_init,M_init,MR_init,KDM5A_init,H4_init,H0_init,PRC2_init,H27_init,KDM6A_init,KMT_init
6.588723439378913,3.5879414085329275e-17,6.588723439378913,43.41127656062109,707.1060051816823,0.15359008383279246,0.9414476783095133,294.4297734271462,48.90496223785769,3.4574413413246794,1.1535900838327924
