R_init,NR_init,M_init,MR_init,KDM5A_init,H4_init,H0_init,PRC2_init,H27_init,KDM6A_init,KMT_init
6.588723439378912,-2.747268095141551e-19,6.588723439378914,43.41127656062109,770.2888255436594,0.03048949029987671,12.110776859893162,417.4460701478766,37.85873364980696,1.3353843932986438,1.1829369417992603
