R_init,NR_init,M_init,MR_init,KDM5A_init,H4_init,H0_init,PRC2_init,H27_init,KDM6A_init,KMT_init
6.588723439378913,-7.335506493548449e-17,6.588723439378913,43.41127656062109,467.46791212874047,0.02778354304761251,0.0899105918253915,799.1168938420319,49.882305865126995,1.166701258285675,1.4445366887618
