R_init,NR_init,M_init,MR_init,KDM5A_init,H4_init,H0_init,PRC2_init,H27_init,KDM6A_init,KMT_init
6.58872343937891,-2.1761058099894678e-18,6.5887234393789145,43.41127656062109,391.7014890455898,0.029986474595372542,0.11403787369974629,798.695610427278,49.855975651704874,1.4797835935259607,1.0299864745953726
