R_init,NR_init,M_init,MR_init,KDM5A_init,H4_init,H0_init,PRC2_init,H27_init,KDM6A_init,KMT_init
6.588723439378912,2.8813320027637976e-17,6.588723439378914,43.41127656062109,391.7014890455898,0.006099227477162455,1.3277633631450834,49.666137409377754,48.666137409377754,1.0975876396345994,1.0975876396345994
