R_init,NR_init,M_init,MR_init,KDM5A_init,H4_init,H0_init,PRC2_init,H27_init,KDM6A_init,KMT_init
6.588723439378912,3.8350887058863124e-17,6.588723439378914,43.41127656062109,218.05638280310546,0.00485478365484694,0.8332091160973346,295.97161660148686,49.161936100247814,1.0534026202033164,1.0291287019290816
