R_init,NR_init,M_init,MR_init,KDM5A_init,H4_init,H0_init,PRC2_init,H27_init,KDM6A_init,KMT_init
6.588723439378911,-2.768390635649456e-16,6.588723439378914,43.41127656062108,218.05638280310544,0.0036612877681980135,0.3092164519151868,795.9939561650659,49.68712226031662,1.0402741654501781,1.0585806042911683
