R_init,NR_init,M_init,MR_init,KDM5A_init,H4_init,H0_init,PRC2_init,H27_init,KDM6A_init,KMT_init
6.588723439378912,2.6192420431806968e-17,6.588723439378914,43.41127656062109,44.41127656062109,0.004679160807820617,0.16008441108790875,798.3637828496684,49.835236428104274,1.0514707688860268,1.0514707688860268
