R_init,NR_init,M_init,MR_init,KDM5A_init,H4_init,H0_init,PRC2_init,H27_init,KDM6A_init,KMT_init
6.588723439378912,7.206720794934867e-17,6.588723439378914,43.41127656062109,218.05638280310546,0.0033817841061234773,0.15177842678829562,549.2932376801614,49.84483978910558,1.0202907046367409,1.0202907046367409
