R_init,NR_init,M_init,MR_init,KDM5A_init,H4_init,H0_init,PRC2_init,H27_init,KDM6A_init,KMT_init
6.588723439378912,7.594123298862861e-17,6.588723439378914,43.41127656062109,218.05638280310544,0.0011885458043239129,0.15514337912365728,798.4986892011523,49.84366807507202,1.0190167328691826,1.0190167328691826
