R_init,NR_init,M_init,MR_init,KDM5A_init,H4_init,H0_init,PRC2_init,H27_init,KDM6A_init,KMT_init
6.588723439378912,-1.1861121623532684e-17,6.588723439378914,43.41127656062109,784.3381024493239,0.18959720428260338,0.4819477364705478,296.9707303554811,49.32845505924685,1.1895972042826033,3.085569247108637
