R_init,NR_init,M_init,MR_init,KDM5A_init,H4_init,H0_init,PRC2_init,H27_init,KDM6A_init,KMT_init
6.588723439378914,-6.033698027639611e-19,6.588723439378911,43.41127656062108,44.41127656062108,0.003086473110768651,0.10580507837443784,799.2577351762367,49.89110844851479,1.0339512042184553,1.0493835697722984
