R_init,NR_init,M_init,MR_init,KDM5A_init,H4_init,H0_init,PRC2_init,H27_init,KDM6A_init,KMT_init
6.588723439378913,-6.288722857265682e-17,6.588723439378913,43.41127656062109,218.05638280310546,0.003464445949262393,0.15541283964706473,798.4579634304588,49.841122714403674,1.0207866756955744,1.0207866756955744
