R_init,NR_init,M_init,MR_init,KDM5A_init,H4_init,H0_init,PRC2_init,H27_init,KDM6A_init,KMT_init
6.588723439378913,4.021016695576306e-17,6.588723439378913,43.41127656062109,44.41127656062109,0.009155458600450184,0.3122005063300975,299.07186421041666,49.678644035069446,1.146487337607203,1.0549327516027012
