R_init,NR_init,M_init,MR_init,KDM5A_init,H4_init,H0_init,PRC2_init,H27_init,KDM6A_init,KMT_init
6.588723439378913,-1.5242840510657806e-17,6.588723439378914,43.41127656062109,44.41127656062109,0.009672728329750161,0.32887182554526395,795.5832871379998,49.66145544612499,1.1064000116272519,1.058036369978501
