R_init,NR_init,M_init,MR_init,KDM5A_init,H4_init,H0_init,PRC2_init,H27_init,KDM6A_init,KMT_init
6.588723439378914,2.0230721576954802e-19,6.588723439378913,43.41127656062109,412.5775187401774,0.06972740152388718,11.026045411061716,623.4676349986304,38.9042271874144,1.767001416762759,1.0697274015238871
