R_init,NR_init,M_init,MR_init,KDM5A_init,H4_init,H0_init,PRC2_init,H27_init,KDM6A_init,KMT_init
6.588723439378914,-4.8662336928420905e-17,6.588723439378912,43.41127656062109,401.20808056148195,0.18551053813190818,13.184149910192788,587.0854328268048,36.6303395516753,2.1130632287914493,1.1855105381319082
