R_init,NR_init,M_init,MR_init,KDM5A_init,H4_init,H0_init,PRC2_init,H27_init,KDM6A_init,KMT_init
6.588723439378913,1.787239518759181e-19,6.588723439378912,43.41127656062109,683.8928206228711,0.037725034257791806,3.3786311837656475,47.58364378197656,46.58364378197656,1.4149753768357098,1.603600548124669
