R_init,NR_init,M_init,MR_init,KDM5A_init,H4_init,H0_init,PRC2_init,H27_init,KDM6A_init,KMT_init
6.588723439378912,3.1603152192519074e-18,6.588723439378913,43.41127656062109,391.7014890455898,0.04002243230086638,0.09556961081374503,798.8305273101662,49.86440795688539,1.2401345938051982,1.6403589168138621
