R_init,NR_init,M_init,MR_init,KDM5A_init,H4_init,H0_init,PRC2_init,H27_init,KDM6A_init,KMT_init
6.588723439378912,1.5538403831775528e-17,6.588723439378914,43.41127656062109,615.2528949976886,0.11170380260964795,5.178015006970598,45.71028119041976,44.71028119041976,1.111703802609648,2.787260841754367
