R_init,NR_init,M_init,MR_init,KDM5A_init,H4_init,H0_init,PRC2_init,H27_init,KDM6A_init,KMT_init
6.5887234393789145,-1.27116235528988e-16,6.588723439378911,43.41127656062109,44.41127656062109,0.036550003439971814,0.6420580245310663,296.9283518321738,49.32139197202896,1.5848000550395491,1.0365500034399717
