R_init,NR_init,M_init,MR_init,KDM5A_init,H4_init,H0_init,PRC2_init,H27_init,KDM6A_init,KMT_init
6.588723439378912,-9.788128485353406e-17,6.588723439378914,43.41127656062109,44.41127656062109,0.0867735848697413,1.2027430627191502,293.2629001144667,48.71048335241111,1.5206415092184478,1.9545094335671542
