R_init,NR_init,M_init,MR_init,KDM5A_init,H4_init,H0_init,PRC2_init,H27_init,KDM6A_init,KMT_init
6.588723439378913,-1.0333096095300696e-18,6.588723439378913,43.41127656062109,1374.1960869197944,0.06283559710989607,0.8124345091798783,295.74837936226135,49.124729893710224,2.005369553758337,1.0628355971098962
