R_init,NR_init,M_init,MR_init,KDM5A_init,H4_init,H0_init,PRC2_init,H27_init,KDM6A_init,KMT_init
6.588723439378912,-7.027200617961839e-17,6.588723439378914,43.41127656062109,771.7998885002609,0.03985127573380171,13.043915011122502,407.07857084458067,36.9162337131437,1.4383640330718188,1.4383640330718188
