R_init,NR_init,M_init,MR_init,KDM5A_init,H4_init,H0_init,PRC2_init,H27_init,KDM6A_init,KMT_init
6.588723439378913,2.4729597468948618e-17,6.588723439378913,43.41127656062109,647.9404238201913,0.04517987044345412,6.966416027847959,43.98840410170858,42.98840410170858,1.4969785748779951,1.7228779270952659
