R_init,NR_init,M_init,MR_init,KDM5A_init,H4_init,H0_init,PRC2_init,H27_init,KDM6A_init,KMT_init
6.588723439378913,4.00467692457387e-17,6.588723439378913,43.41127656062109,775.0534476316501,0.046834547132428836,11.617969594261547,422.6871544446663,38.33519585860603,1.281007282794573,1.281007282794573
