R_init,NR_init,M_init,MR_init,KDM5A_init,H4_init,H0_init,PRC2_init,H27_init,KDM6A_init,KMT_init
6.588723439378913,1.2539609570589337e-17,6.588723439378912,43.41127656062109,1371.3855578601056,0.07375907467992672,0.9420374845942849,539.8262378479836,48.984203440725786,2.1801451948788277,1.0737590746799266
