R_init,NR_init,M_init,MR_init,KDM5A_init,H4_init,H0_init,PRC2_init,H27_init,KDM6A_init,KMT_init
6.588723439378912,-6.841560357964249e-17,6.588723439378914,43.41127656062109,218.05638280310546,0.0035027817548930295,0.1518864231662231,549.2907187458677,49.84461079507888,1.0210166905293583,1.0560445080782885
