R_init,NR_init,M_init,MR_init,KDM5A_init,H4_init,H0_init,PRC2_init,H27_init,KDM6A_init,KMT_init
6.588723439378913,8.111427604774644e-17,6.588723439378913,43.41127656062109,44.41127656062109,0.010258886676800704,0.23873566109276534,299.5060327133826,49.75100545223043,1.1641421868288113,1.1641421868288113
