R_init,NR_init,M_init,MR_init,KDM5A_init,H4_init,H0_init,PRC2_init,H27_init,KDM6A_init,KMT_init
6.588723439378912,-8.567872058372207e-17,6.588723439378914,43.41127656062109,218.05638280310546,0.003267957186036709,0.4130861761140259,298.5018752001996,49.58364586669993,1.0196077431162203,1.0522873149765875
