R_init,NR_init,M_init,MR_init,KDM5A_init,H4_init,H0_init,PRC2_init,H27_init,KDM6A_init,KMT_init
6.588723439378912,-9.075947529585748e-18,6.588723439378914,43.41127656062109,218.05638280310546,0.04701316234374005,4.877567921046202,46.07541891661006,45.07541891661006,1.04701316234374,1.2820789740624403
