R_init,NR_init,M_init,MR_init,KDM5A_init,H4_init,H0_init,PRC2_init,H27_init,KDM6A_init,KMT_init
6.588723439378913,4.789564814811319e-17,6.588723439378913,43.41127656062109,44.41127656062109,0.006653580689940003,0.11650162711789801,549.6452927141138,49.87684479219216,1.03992148413964,1.03992148413964
