R_init,NR_init,M_init,MR_init,KDM5A_init,H4_init,H0_init,PRC2_init,H27_init,KDM6A_init,KMT_init
6.588723439378911,1.104321792704605e-16,6.588723439378914,43.41127656062108,44.41127656062108,0.0083325847461914,0.20678358355775248,299.70930299017635,49.78488383169606,1.0083325847461915,1.0916584322081053
