R_init,NR_init,M_init,MR_init,KDM5A_init,H4_init,H0_init,PRC2_init,H27_init,KDM6A_init,KMT_init
6.588723439378913,8.481490987322342e-17,6.588723439378913,43.41127656062109,391.7014890455898,0.005713189026099897,0.840677330033143,295.9216568856445,49.15360948094075,1.062845079287099,1.0914110244175983
