R_init,NR_init,M_init,MR_init,KDM5A_init,H4_init,H0_init,PRC2_init,H27_init,KDM6A_init,KMT_init
6.588723439378914,7.572815570463596e-17,6.588723439378912,43.41127656062109,391.70148904558977,0.0018840468556308037,0.15324431453066395,549.2935880247508,49.844871638613704,1.030144749690093,1.0113042811337847
