R_init,NR_init,M_init,MR_init,KDM5A_init,H4_init,H0_init,PRC2_init,H27_init,KDM6A_init,KMT_init
6.588723439378914,7.503136814090855e-17,6.588723439378912,43.41127656062109,391.7014890455898,0.0028210978616298988,0.22819339359198815,548.4588405940102,49.768985508546386,1.0310320764779288,1.0169265871697795
