R_init,NR_init,M_init,MR_init,KDM5A_init,H4_init,H0_init,PRC2_init,H27_init,KDM6A_init,KMT_init
6.588723439378913,-1.3480110565029304e-16,6.588723439378913,43.41127656062109,1137.0190468455976,0.039020753976636936,0.273142059356175,547.5662090533391,49.68783718666719,1.2341245238598217,1.6243320636261909
