R_init,NR_init,M_init,MR_init,KDM5A_init,H4_init,H0_init,PRC2_init,H27_init,KDM6A_init,KMT_init
6.588723439378914,4.063742154294705e-17,6.588723439378912,43.41127656062109,44.41127656062109,0.01829297119865821,0.2772923188185086,299.226488259897,49.70441470998283,1.0182929711986581,1.2012226831852404
