R_init,NR_init,M_init,MR_init,KDM5A_init,H4_init,H0_init,PRC2_init,H27_init,KDM6A_init,KMT_init
6.588723439378914,3.0968654916901315e-17,6.588723439378912,43.41127656062109,391.7014890455898,0.011376737616028544,2.415987299912079,48.57263596247189,47.57263596247189,1.0113767376160285,1.125144113776314
