R_init,NR_init,M_init,MR_init,KDM5A_init,H4_init,H0_init,PRC2_init,H27_init,KDM6A_init,KMT_init
6.588723439378913,-3.7037429197026756e-17,6.588723439378913,43.41127656062109,466.7654702768526,0.05781760423547444,0.20036490101509696,548.1599924422437,49.74181749474943,1.3469056254128466,1.3469056254128466
