R_init,NR_init,M_init,MR_init,KDM5A_init,H4_init,H0_init,PRC2_init,H27_init,KDM6A_init,KMT_init
6.588723439378914,1.1543341137264505e-17,6.588723439378912,43.41127656062109,44.41127656062109,0.0074502303670931505,0.23946323516814802,548.2839518791124,49.753086534464764,1.0819525340380247,1.1192036858734904
