R_init,NR_init,M_init,MR_init,KDM5A_init,H4_init,H0_init,PRC2_init,H27_init,KDM6A_init,KMT_init
6.588723439378914,1.097769635186436e-16,6.588723439378912,43.41127656062109,464.80295950261615,0.12697959626425978,0.5237050638336109,790.589045438434,49.34931533990213,1.7618775775855589,1.1269795962642597
