R_init,NR_init,M_init,MR_init,KDM5A_init,H4_init,H0_init,PRC2_init,H27_init,KDM6A_init,KMT_init
6.588723439378913,-5.773623755067072e-17,6.588723439378913,43.41127656062109,391.7014890455898,0.001794353678398094,0.4167736844001998,298.48859177152843,49.5814319619214,1.0287096588543694,1.0287096588543694
