R_init,NR_init,M_init,MR_init,KDM5A_init,H4_init,H0_init,PRC2_init,H27_init,KDM6A_init,KMT_init
6.588723439378914,-7.149960594931068e-17,6.588723439378912,43.41127656062109,391.7014890455898,0.0026045945195337324,0.21095030578680563,299.718670598162,49.786445099693665,1.028650539714871,1.0156275671172024
