R_init,NR_init,M_init,MR_init,KDM5A_init,H4_init,H0_init,PRC2_init,H27_init,KDM6A_init,KMT_init
6.588723439378914,8.210513784523098e-17,6.588723439378912,43.41127656062109,391.7014890455898,0.001911466841692768,0.15399422236352625,798.5055089727165,49.84409431079478,1.0114688010501567,1.0210261352586203
