R_init,NR_init,M_init,MR_init,KDM5A_init,H4_init,H0_init,PRC2_init,H27_init,KDM6A_init,KMT_init
6.588723439378914,-3.335178112598314e-17,6.588723439378912,43.41127656062109,991.3824909522417,0.03426090764701812,19.981688997020388,180.90430057199555,29.984050095332595,1.2055654458821088,1.3768699841171994
