R_init,NR_init,M_init,MR_init,KDM5A_init,H4_init,H0_init,PRC2_init,H27_init,KDM6A_init,KMT_init
6.588723439378911,5.0471801632499504e-17,6.5887234393789145,43.41127656062109,639.2267520941708,0.07102793738925635,0.4239194528945431,793.0808417554592,49.5050526097162,1.426167624335538,1.0710279373892562
