R_init,NR_init,M_init,MR_init,KDM5A_init,H4_init,H0_init,PRC2_init,H27_init,KDM6A_init,KMT_init
6.588723439378911,-1.03749705503353e-16,6.5887234393789145,43.41127656062109,44.41127656062109,0.020183562003288982,0.5359725939234548,297.66306306443954,49.44384384407326,1.3229369920526237,1.020183562003289
