R_init,NR_init,M_init,MR_init,KDM5A_init,H4_init,H0_init,PRC2_init,H27_init,KDM6A_init,KMT_init
6.588723439378914,2.6659962027048347e-17,6.588723439378912,43.41127656062109,803.0021146745482,0.03489537154726109,10.96872250368988,429.9602033723914,38.99638212476285,1.2093722292835665,1.5583259447561775
