R_init,NR_init,M_init,MR_init,KDM5A_init,H4_init,H0_init,PRC2_init,H27_init,KDM6A_init,KMT_init
6.588723439378914,-1.2579381291522712e-16,6.588723439378912,43.41127656062109,218.05638280310544,0.02021698555201556,1.4786330013854425,49.50115001306254,48.50115001306254,1.2223868410721712,1.2223868410721712
