R_init,NR_init,M_init,MR_init,KDM5A_init,H4_init,H0_init,PRC2_init,H27_init,KDM6A_init,KMT_init
6.588723439378913,-9.247093499900833e-17,6.588723439378913,43.41127656062109,1322.9777342467025,0.30948085514238777,3.1267068848019752,47.563812260055634,46.563812260055634,1.309480855142388,1.309480855142388
