R_init,NR_init,M_init,MR_init,KDM5A_init,H4_init,H0_init,PRC2_init,H27_init,KDM6A_init,KMT_init
6.588723439378912,1.6793002402183678e-16,6.588723439378914,43.41127656062109,467.109991433751,0.04619692461572937,0.14308134925515845,548.9179389874203,49.81072172612912,1.2771815476943764,1.5081661707730232
