R_init,NR_init,M_init,MR_init,KDM5A_init,H4_init,H0_init,PRC2_init,H27_init,KDM6A_init,KMT_init
6.588723439378913,1.3929809748007846e-18,6.588723439378913,43.41127656062109,809.9530372029939,0.038150492920596656,20.36701678708499,178.56899631996652,29.594832719994418,1.22890295752358,1.22890295752358
