R_init,NR_init,M_init,MR_init,KDM5A_init,H4_init,H0_init,PRC2_init,H27_init,KDM6A_init,KMT_init
6.588723439378914,-1.856252586875331e-16,6.588723439378912,43.41127656062109,978.5921730757386,0.01987563947102968,11.95333484689731,419.29468464994824,38.026789513631655,1.3180102315364748,1.3180102315364748
