R_init,NR_init,M_init,MR_init,KDM5A_init,H4_init,H0_init,PRC2_init,H27_init,KDM6A_init,KMT_init
6.588723439378912,3.1047886802478395e-17,6.588723439378914,43.41127656062109,218.05638280310544,0.0011885473806325768,0.10427683315984276,799.3125539113523,49.89453461945952,1.0190167580901213,1.0190167580901213
