R_init,NR_init,M_init,MR_init,KDM5A_init,H4_init,H0_init,PRC2_init,H27_init,KDM6A_init,KMT_init
6.588723439378914,2.864242902837036e-16,6.588723439378912,43.41127656062109,44.41127656062109,0.004558257832450235,0.1150932170984398,549.6838337757601,49.88034852506911,1.0273495469947014,1.0729321253192037
