R_init,NR_init,M_init,MR_init,KDM5A_init,H4_init,H0_init,PRC2_init,H27_init,KDM6A_init,KMT_init
6.5887234393789145,-4.254355485151589e-17,6.588723439378912,43.41127656062109,218.05638280310546,0.009436635744111268,0.4089653741910247,298.4895879403892,49.581597990064864,1.0094366357441114,1.0566198144646677
