R_init,NR_init,M_init,MR_init,KDM5A_init,H4_init,H0_init,PRC2_init,H27_init,KDM6A_init,KMT_init
6.588723439378914,-2.5044392884298413e-18,6.588723439378912,43.41127656062109,218.05638280310546,0.07206365303088877,0.1097049558640165,798.0917022576815,49.818231391105094,1.0720636530308887,1.4323819181853328
