R_init,NR_init,M_init,MR_init,KDM5A_init,H4_init,H0_init,PRC2_init,H27_init,KDM6A_init,KMT_init
6.5887234393789145,3.4665677133634204e-17,6.588723439378911,43.41127656062109,44.41127656062109,0.012152006314625962,0.32525601589617353,298.9755518667352,49.6625919777892,1.1944321010340155,1.0121520063146259
