R_init,NR_init,M_init,MR_init,KDM5A_init,H4_init,H0_init,PRC2_init,H27_init,KDM6A_init,KMT_init
6.588723439378911,5.234802581213198e-18,6.5887234393789145,43.41127656062109,218.05638280310544,0.0068728395990891806,0.2835403377578051,299.2575209358586,49.709586822643104,1.0412370375945352,1.1099654335854268
