R_init,NR_init,M_init,MR_init,KDM5A_init,H4_init,H0_init,PRC2_init,H27_init,KDM6A_init,KMT_init
6.588723439378912,-3.0425449194036445e-20,6.588723439378913,43.41127656062109,603.1799326617676,0.021013115768232272,7.683298160996223,677.7310195717687,42.29568872323554,1.231144273450555,1.3362098522917165
