R_init,NR_init,M_init,MR_init,KDM5A_init,H4_init,H0_init,PRC2_init,H27_init,KDM6A_init,KMT_init
6.588723439378912,7.82157654578111e-17,6.588723439378914,43.41127656062109,44.41127656062109,0.0034070951236913455,0.11813636916298198,549.6630218928466,49.878456535713326,1.0545135219790616,1.0374780463606048
