R_init,NR_init,M_init,MR_init,KDM5A_init,H4_init,H0_init,PRC2_init,H27_init,KDM6A_init,KMT_init
6.588723439378912,4.123035402964763e-17,6.588723439378914,43.41127656062109,44.41127656062109,0.014291849327345544,0.31512032196902123,299.0235269722219,49.67058782870364,1.157210342600801,1.2286695892375288
