R_init,NR_init,M_init,MR_init,KDM5A_init,H4_init,H0_init,PRC2_init,H27_init,KDM6A_init,KMT_init
6.588723439378913,1.0769852350084047e-17,6.588723439378913,43.41127656062109,1132.093437586791,0.14554256167062016,0.4949942022493025,543.954095596881,49.35946323608008,1.14554256167062,3.3286809867299225
