R_init,NR_init,M_init,MR_init,KDM5A_init,H4_init,H0_init,PRC2_init,H27_init,KDM6A_init,KMT_init
6.5887234393789145,1.1583737935585075e-16,6.588723439378911,43.41127656062109,391.70148904558977,0.005239864744710337,0.41787940348591346,298.4612843906163,49.57688073176938,1.031439188468262,1.031439188468262
