R_init,NR_init,M_init,MR_init,KDM5A_init,H4_init,H0_init,PRC2_init,H27_init,KDM6A_init,KMT_init
6.588723439378913,1.9180841472996112e-16,6.588723439378913,43.41127656062109,44.41127656062109,0.023817343033712104,0.5112816707892959,297.78940591706197,49.46490098617699,1.261990773370833,1.261990773370833
