R_init,NR_init,M_init,MR_init,KDM5A_init,H4_init,H0_init,PRC2_init,H27_init,KDM6A_init,KMT_init
6.588723439378913,5.83707844596626e-17,6.588723439378913,43.41127656062109,1056.3276648079275,0.02650114099953732,8.059934758759363,671.6170256038577,41.9135641002411,1.2915125509949106,1.4240182559925971
