R_init,NR_init,M_init,MR_init,KDM5A_init,H4_init,H0_init,PRC2_init,H27_init,KDM6A_init,KMT_init
6.588723439378913,8.175557121075797e-17,6.588723439378913,43.41127656062109,218.05638280310544,0.006620147844527484,0.2741139549207101,299.31559538340855,49.71926589723476,1.0066201478445276,1.1059223655124397
