R_init,NR_init,M_init,MR_init,KDM5A_init,H4_init,H0_init,PRC2_init,H27_init,KDM6A_init,KMT_init
6.588723439378914,-1.2914454900352223e-17,6.588723439378912,43.41127656062109,391.7014890455898,0.012166740826442323,1.7233115671916432,49.26452169198191,48.26452169198191,1.0730004449586539,1.1338341490908654
