R_init,NR_init,M_init,MR_init,KDM5A_init,H4_init,H0_init,PRC2_init,H27_init,KDM6A_init,KMT_init
6.588723439378914,6.636478484851801e-17,6.588723439378912,43.41127656062109,44.41127656062109,0.011484789870630452,0.29107540979494967,299.18463880200653,49.69743980033442,1.0689087392237828,1.0689087392237828
