R_init,NR_init,M_init,MR_init,KDM5A_init,H4_init,H0_init,PRC2_init,H27_init,KDM6A_init,KMT_init
6.588723439378912,-2.832434730665318e-17,6.588723439378914,43.41127656062109,218.05638280310546,0.05047652053954265,2.901644287016655,48.0478791924438,47.0478791924438,1.8076243286326825,1.5552417259349693
