R_init,NR_init,M_init,MR_init,KDM5A_init,H4_init,H0_init,PRC2_init,H27_init,KDM6A_init,KMT_init
6.588723439378913,-5.551623446197406e-17,6.588723439378913,43.41127656062109,44.41127656062109,0.0287252405682791,0.5331528883020332,297.62873122677814,49.43812187112969,1.31597764625107,1.4596038490924657
