R_init,NR_init,M_init,MR_init,KDM5A_init,H4_init,H0_init,PRC2_init,H27_init,KDM6A_init,KMT_init
6.588723439378912,-3.316110459807095e-17,6.588723439378914,43.41127656062109,890.1242422597464,0.020469987367080923,0.1372546912172569,549.2650285355722,49.84227532141566,1.2251698610378903,1.3275197978732947
