R_init,NR_init,M_init,MR_init,KDM5A_init,H4_init,H0_init,PRC2_init,H27_init,KDM6A_init,KMT_init
6.588723439378912,2.9297942706164643e-18,6.5887234393789145,43.41127656062109,218.05638280310544,0.012075238295126387,0.4634140276537868,545.769618074562,49.52451073405109,1.0724514297707584,1.1932038127220221
