R_init,NR_init,M_init,MR_init,KDM5A_init,H4_init,H0_init,PRC2_init,H27_init,KDM6A_init,KMT_init
6.588723439378912,-1.0416616429494012e-17,6.588723439378914,43.41127656062109,391.7014890455898,0.0018662432809353185,0.4369463361550851,546.1730616262038,49.561187420563975,1.011197459685612,1.0205286760902885
