R_init,NR_init,M_init,MR_init,KDM5A_init,H4_init,H0_init,PRC2_init,H27_init,KDM6A_init,KMT_init
6.588723439378912,8.594560971482357e-19,6.588723439378913,43.41127656062109,439.03848296956215,0.03963595259504767,5.763944014113619,45.19642003329133,44.19642003329133,1.237815715570286,1.237815715570286
