R_init,NR_init,M_init,MR_init,KDM5A_init,H4_init,H0_init,PRC2_init,H27_init,KDM6A_init,KMT_init
6.588723439378912,2.2674895532772514e-18,6.588723439378914,43.41127656062109,604.0685127836595,0.018460839286267683,7.508134413099795,680.5744759618229,42.473404747613934,1.2030692321489445,1.2030692321489445
