R_init,NR_init,M_init,MR_init,KDM5A_init,H4_init,H0_init,PRC2_init,H27_init,KDM6A_init,KMT_init
6.588723439378914,3.600208986677135e-17,6.588723439378912,43.41127656062109,912.8458764754376,0.04237453139103529,15.214666306619117,383.17255078188833,34.74295916198985,1.6779925022565645,1.0423745313910353
