R_init,NR_init,M_init,MR_init,KDM5A_init,H4_init,H0_init,PRC2_init,H27_init,KDM6A_init,KMT_init
6.588723439378912,-2.713751708251837e-16,6.588723439378914,43.41127656062109,218.05638280310544,0.042804869842351635,1.3326369191115075,292.74734926627684,48.62455821104614,1.6848779174776263,1.470853568265868
