R_init,NR_init,M_init,MR_init,KDM5A_init,H4_init,H0_init,PRC2_init,H27_init,KDM6A_init,KMT_init
6.5887234393789145,2.1418505159832946e-16,6.58872343937891,43.41127656062109,44.41127656062109,0.0062173741145230945,0.16739338070920473,798.2222279228204,49.82638924517627,1.0994779858323696,1.006217374114523
