R_init,NR_init,M_init,MR_init,KDM5A_init,H4_init,H0_init,PRC2_init,H27_init,KDM6A_init,KMT_init
6.58872343937891,1.4870106316695033e-16,6.5887234393789145,43.41127656062109,1012.2734783894185,0.023678548764621696,8.604855494980137,662.9434553000839,41.37146595625524,1.378856780233947,1.14207129258773
