R_init,NR_init,M_init,MR_init,KDM5A_init,H4_init,H0_init,PRC2_init,H27_init,KDM6A_init,KMT_init
6.588723439378914,3.907073582759478e-17,6.588723439378913,43.41127656062109,1380.8964351043035,0.05691512910619294,0.4833375679581221,792.3559568469709,49.45974730293568,1.6260664201681225,1.6260664201681225
