R_init,NR_init,M_init,MR_init,KDM5A_init,H4_init,H0_init,PRC2_init,H27_init,KDM6A_init,KMT_init
6.5887234393789145,1.4297688054598013e-16,6.588723439378911,43.41127656062109,218.05638280310544,0.0024478434567363158,0.21059671036449581,299.72173267707257,49.786955446178766,1.0269262780240995,1.0391654953077811
