R_init,NR_init,M_init,MR_init,KDM5A_init,H4_init,H0_init,PRC2_init,H27_init,KDM6A_init,KMT_init
6.5887234393789145,6.423192844242754e-20,6.588723439378912,43.41127656062109,640.7078791214756,0.031045366723322487,0.16767661809952744,548.8140581669486,49.80127801517715,1.4967258675731598,1.1862722003399349
