R_init,NR_init,M_init,MR_init,KDM5A_init,H4_init,H0_init,PRC2_init,H27_init,KDM6A_init,KMT_init
6.588723439378914,1.6700157055895612e-17,6.588723439378912,43.41127656062109,218.05638280310546,0.006881007083509299,0.2929223682796825,299.20117974782085,49.70019662463681,1.0756910779186024,1.0756910779186024
