R_init,NR_init,M_init,MR_init,KDM5A_init,H4_init,H0_init,PRC2_init,H27_init,KDM6A_init,KMT_init
6.588723439378914,-1.0962272168933453e-16,6.588723439378912,43.41127656062109,44.41127656062109,0.00404086921238844,0.1048118566331907,799.2583563864707,49.89114727415442,1.0242452152743307,1.044449561336273
