R_init,NR_init,M_init,MR_init,KDM5A_init,H4_init,H0_init,PRC2_init,H27_init,KDM6A_init,KMT_init
6.5887234393789145,7.246167981269778e-18,6.588723439378911,43.41127656062109,44.41127656062109,0.012658129627748262,0.3010077131650989,795.9813465153145,49.686334157207156,1.0126581296277484,1.139239425905231
