R_init,NR_init,M_init,MR_init,KDM5A_init,H4_init,H0_init,PRC2_init,H27_init,KDM6A_init,KMT_init
6.588723439378913,-4.226888077354511e-17,6.588723439378913,43.41127656062109,218.05638280310546,0.14765645843325345,0.28054940123307814,546.2897355436703,49.57179414033367,1.8859387505995209,1.1476564584332534
