R_init,NR_init,M_init,MR_init,KDM5A_init,H4_init,H0_init,PRC2_init,H27_init,KDM6A_init,KMT_init
6.588723439378913,-4.0081128490987553e-19,6.588723439378913,43.41127656062109,591.4079242754684,0.054829634395583124,10.003883319628711,640.0605927356114,39.94128704597571,1.6031259783514142,1.328977806373499
