R_init,NR_init,M_init,MR_init,KDM5A_init,H4_init,H0_init,PRC2_init,H27_init,KDM6A_init,KMT_init
6.588723439378912,6.345893196142863e-17,6.588723439378914,43.41127656062109,1186.951006666474,0.11592177406146043,10.121602344894328,438.38723469148636,39.76247588104421,1.1159217740614604,2.854748384983367
