R_init,NR_init,M_init,MR_init,KDM5A_init,H4_init,H0_init,PRC2_init,H27_init,KDM6A_init,KMT_init
6.588723439378911,3.077608980420746e-16,6.5887234393789145,43.41127656062109,391.7014890455898,0.0014042534307268312,0.43574858629281676,546.191318763041,49.562847160276455,1.008425520584361,1.0224680548916294
