R_init,NR_init,M_init,MR_init,KDM5A_init,H4_init,H0_init,PRC2_init,H27_init,KDM6A_init,KMT_init
6.588723439378913,-1.228818931013869e-17,6.588723439378913,43.41127656062109,827.366348196623,0.06147384650408167,6.372040238392607,44.566485915103314,43.566485915103314,1.36884307902449,1.6762123115448984
