R_init,NR_init,M_init,MR_init,KDM5A_init,H4_init,H0_init,PRC2_init,H27_init,KDM6A_init,KMT_init
6.588723439378913,-3.346744761580216e-19,6.588723439378912,43.41127656062109,44.41127656062109,0.0032889098334178994,0.11239773779636532,549.7274468760725,49.88431335237022,1.003288909833418,1.0526225573346863
