R_init,NR_init,M_init,MR_init,KDM5A_init,H4_init,H0_init,PRC2_init,H27_init,KDM6A_init,KMT_init
6.5887234393789145,-7.564556651023511e-18,6.588723439378911,43.41127656062109,218.05638280310544,0.0161914026737501,2.4274714938388993,48.55633710348735,47.55633710348735,1.0161914026737502,1.1781054294112512
