R_init,NR_init,M_init,MR_init,KDM5A_init,H4_init,H0_init,PRC2_init,H27_init,KDM6A_init,KMT_init
6.588723439378914,-1.2279818504194691e-16,6.588723439378912,43.41127656062109,391.7014890455898,0.0011761426163800093,0.2758343285003192,299.3379371732998,49.7229895288833,1.01293756878018,1.0188182818620801
