R_init,NR_init,M_init,MR_init,KDM5A_init,H4_init,H0_init,PRC2_init,H27_init,KDM6A_init,KMT_init
6.588723439378913,-6.304303878431267e-17,6.588723439378913,43.41127656062109,640.1519827240868,0.08239088487113418,0.2275103794294826,796.0415797711901,49.69009873569938,1.494345309226805,2.3182541579381466
