R_init,NR_init,M_init,MR_init,KDM5A_init,H4_init,H0_init,PRC2_init,H27_init,KDM6A_init,KMT_init
6.588723439378912,3.675727709041638e-17,6.5887234393789145,43.41127656062109,964.6049573388523,0.030851477521825658,0.1992435534283819,548.4689546595476,49.76990496904979,1.3393662527400823,1.4936236403492105
