R_init,NR_init,M_init,MR_init,KDM5A_init,H4_init,H0_init,PRC2_init,H27_init,KDM6A_init,KMT_init
6.588723439378914,-1.983749443711733e-17,6.588723439378912,43.41127656062109,44.41127656062109,0.03699984879872907,0.33276206271105757,298.7814285309413,49.630238088490216,1.2219990927923745,1.036999848798729
