R_init,NR_init,M_init,MR_init,KDM5A_init,H4_init,H0_init,PRC2_init,H27_init,KDM6A_init,KMT_init
6.588723439378913,1.2444799231676152e-17,6.588723439378913,43.41127656062109,777.043018665786,0.07504404605215995,11.390802991928224,617.5464473923138,38.53415296201961,1.8254845065737593,1.07504404605216
