R_init,NR_init,M_init,MR_init,KDM5A_init,H4_init,H0_init,PRC2_init,H27_init,KDM6A_init,KMT_init
6.588723439378913,-2.546047534276013e-17,6.588723439378913,43.41127656062109,218.05638280310544,0.05031251517616281,4.308050998471539,46.6416364863523,45.6416364863523,1.805000242818605,1.553437666937791
