R_init,NR_init,M_init,MR_init,KDM5A_init,H4_init,H0_init,PRC2_init,H27_init,KDM6A_init,KMT_init
6.588723439378914,-4.587201971849109e-17,6.588723439378912,43.41127656062109,391.7014890455898,0.011596847397442846,0.8460046479081909,295.8543910281662,49.14239850469437,1.069581084384657,1.1275653213718713
