R_init,NR_init,M_init,MR_init,KDM5A_init,H4_init,H0_init,PRC2_init,H27_init,KDM6A_init,KMT_init
6.588723439378914,6.261756154778179e-17,6.588723439378912,43.41127656062109,44.41127656062109,0.008731575684268508,0.2865771695464163,299.22814752861586,49.704691254769315,1.052389454105611,1.0960473325269535
