R_init,NR_init,M_init,MR_init,KDM5A_init,H4_init,H0_init,PRC2_init,H27_init,KDM6A_init,KMT_init
6.588723439378914,-5.4295178744760375e-18,6.588723439378912,43.41127656062109,218.05638280310546,0.01630848664540854,1.3280760733839125,49.65561543997068,48.65561543997068,1.0978509198724513,1.0978509198724513
