R_init,NR_init,M_init,MR_init,KDM5A_init,H4_init,H0_init,PRC2_init,H27_init,KDM6A_init,KMT_init
6.588723439378914,7.538609994764149e-17,6.588723439378912,43.41127656062109,1191.3055953607418,0.11441803703492755,1.2231213350832513,536.2870669067,48.66246062788181,2.830688592558841,1.1144180370349275
