R_init,NR_init,M_init,MR_init,KDM5A_init,H4_init,H0_init,PRC2_init,H27_init,KDM6A_init,KMT_init
6.588723439378911,6.06647496125837e-17,6.5887234393789145,43.41127656062109,44.41127656062109,0.06667268279757177,1.71311679667672,49.220210520525704,48.220210520525704,1.0666726827975717,1.4000360967854304
