R_init,NR_init,M_init,MR_init,KDM5A_init,H4_init,H0_init,PRC2_init,H27_init,KDM6A_init,KMT_init
6.588723439378913,8.290759297468348e-17,6.588723439378913,43.41127656062109,886.2430613334705,0.05822439504949279,0.487618376162443,792.266515660609,49.45415722878806,1.6404683455444207,1.0582243950494927
