R_init,NR_init,M_init,MR_init,KDM5A_init,H4_init,H0_init,PRC2_init,H27_init,KDM6A_init,KMT_init
6.588723439378912,-1.1220650885117538e-17,6.588723439378914,43.41127656062109,391.7014890455898,0.01207774200185366,1.6255323419670158,49.36238991603113,48.36238991603113,1.0120777420018536,1.1932438720296585
