R_init,NR_init,M_init,MR_init,KDM5A_init,H4_init,H0_init,PRC2_init,H27_init,KDM6A_init,KMT_init
6.5887234393789145,4.1518668741838593e-17,6.588723439378911,43.41127656062109,1133.6185513325509,0.07454495094483356,0.46431756325776297,545.0725123437715,49.4611374857974,1.0745449509448337,1.8199944603931693
