R_init,NR_init,M_init,MR_init,KDM5A_init,H4_init,H0_init,PRC2_init,H27_init,KDM6A_init,KMT_init
6.588723439378912,-1.6885124868054538e-17,6.588723439378913,43.41127656062109,218.05638280310546,0.006634438934005831,0.8486922881290916,295.8680396376214,49.1446732729369,1.0729788282740642,1.039806633604035
