R_init,NR_init,M_init,MR_init,KDM5A_init,H4_init,H0_init,PRC2_init,H27_init,KDM6A_init,KMT_init
6.588723439378914,9.498646460906278e-17,6.588723439378912,43.41127656062109,44.41127656062109,0.018292766395503545,0.41255301943175116,298.4149252850365,49.56915421417275,1.0182927663955037,1.201220430350539
