R_init,NR_init,M_init,MR_init,KDM5A_init,H4_init,H0_init,PRC2_init,H27_init,KDM6A_init,KMT_init
6.588723439378912,-1.764361130472387e-17,6.588723439378914,43.41127656062109,218.05638280310546,0.041016682998124984,1.5072861354827034,49.45169718151917,48.45169718151917,1.2461000979887498,1.2461000979887498
