R_init,NR_init,M_init,MR_init,KDM5A_init,H4_init,H0_init,PRC2_init,H27_init,KDM6A_init,KMT_init
6.5887234393789145,-3.1332134942919473e-16,6.588723439378911,43.41127656062109,709.6228449081901,0.11447185066129362,0.7288819388302384,541.7231083155931,49.15664621050847,1.6868311039677615,1.1144718506612936
