R_init,NR_init,M_init,MR_init,KDM5A_init,H4_init,H0_init,PRC2_init,H27_init,KDM6A_init,KMT_init
6.588723439378913,1.1133766929886e-16,6.588723439378913,43.41127656062109,585.6993137488425,0.03844921264516286,11.161985846704287,427.79521434715605,38.799564940650555,1.2306952758709773,1.2306952758709773
