R_init,NR_init,M_init,MR_init,KDM5A_init,H4_init,H0_init,PRC2_init,H27_init,KDM6A_init,KMT_init
6.588723439378913,1.8182973934318846e-19,6.588723439378914,43.41127656062109,608.8228181696849,0.03679986626427309,6.538934308916706,44.42426582481902,43.42426582481902,1.404798528907004,1.404798528907004
