var,values
R_init,6.588723439378913
NR_init,5.082121693865058e-17
M_init,6.588723439378913
MR_init,43.41127656062109
KDM5A_init,44.41127656062109
H4_init,0.004561903475683462
H0_init,0.16336072921178127
PRC2_init,798.3132378770006
H27_init,49.832077367312536
KDM6A_init,1.0729904556109353
KMT_init,1.0045619034756834
