R_init,NR_init,M_init,MR_init,KDM5A_init,H4_init,H0_init,PRC2_init,H27_init,KDM6A_init,KMT_init
6.588723439378913,8.889386712782644e-17,6.588723439378913,43.41127656062109,218.05638280310546,0.0024103734858170953,0.30870871454231524,796.02209459155,49.68888091197187,1.0385659757730736,1.0385659757730736
