R_init,NR_init,M_init,MR_init,KDM5A_init,H4_init,H0_init,PRC2_init,H27_init,KDM6A_init,KMT_init
6.588723439378912,-9.178293544682716e-17,6.588723439378914,43.41127656062109,44.41127656062109,0.009544424492589604,0.24456164526674976,548.2048332326473,49.74589393024066,1.1049886694184856,1.0572665469555378
