R_init,NR_init,M_init,MR_init,KDM5A_init,H4_init,H0_init,PRC2_init,H27_init,KDM6A_init,KMT_init
6.588723439378913,3.985994502050021e-17,6.588723439378913,43.41127656062109,391.7014890455898,0.005718997983340872,1.7071202321811048,49.28716076983555,48.28716076983555,1.0629089778167495,1.0629089778167495
