R_init,NR_init,M_init,MR_init,KDM5A_init,H4_init,H0_init,PRC2_init,H27_init,KDM6A_init,KMT_init
6.588723439378913,-2.560248689018136e-17,6.588723439378914,43.41127656062109,640.2360584921169,0.04098955082883269,0.2520965598657484,796.3106222288867,49.70691388930542,1.6558328132613231,1.0409895508288327
