R_init,NR_init,M_init,MR_init,KDM5A_init,H4_init,H0_init,PRC2_init,H27_init,KDM6A_init,KMT_init
6.588723439378912,1.3973653131254574e-16,6.588723439378914,43.41127656062109,44.41127656062109,0.006034208843990423,0.1577602693786633,798.3792883484375,49.836205521777345,1.0362052530639425,1.0362052530639425
