R_init,NR_init,M_init,MR_init,KDM5A_init,H4_init,H0_init,PRC2_init,H27_init,KDM6A_init,KMT_init
6.588723439378914,-3.854882235994145e-17,6.588723439378911,43.41127656062109,613.1726859114495,0.020086141316688875,5.685674485511365,45.29423937317195,44.29423937317195,1.2209475544835777,1.3213782610670222
