R_init,NR_init,M_init,MR_init,KDM5A_init,H4_init,H0_init,PRC2_init,H27_init,KDM6A_init,KMT_init
6.588723439378914,-1.4539943237342374e-17,6.588723439378913,43.41127656062109,391.7014890455898,0.013397906558703938,0.9605176119736453,295.15650688880595,49.026084481467656,1.2143665049392631,1.1473769721457434
