R_init,NR_init,M_init,MR_init,KDM5A_init,H4_init,H0_init,PRC2_init,H27_init,KDM6A_init,KMT_init
6.588723439378914,6.7903038178329006e-18,6.588723439378912,43.41127656062109,218.05638280310546,0.32732621777476567,0.5377394802330254,295.80960581195325,49.13493430199222,1.3273262177747656,1.3273262177747656
