R_init,NR_init,M_init,MR_init,KDM5A_init,H4_init,H0_init,PRC2_init,H27_init,KDM6A_init,KMT_init
6.588723439378912,1.8252437694657267e-16,6.588723439378914,43.41127656062109,218.05638280310546,0.18369122889417344,0.33839099207266005,545.2570955693648,49.47791777903316,3.020603517835908,1.1836912288941737
