R_init,NR_init,M_init,MR_init,KDM5A_init,H4_init,H0_init,PRC2_init,H27_init,KDM6A_init,KMT_init
6.588723439378913,-6.22452513914733e-17,6.588723439378913,43.41127656062109,44.41127656062109,0.0031374078915691423,0.10746767560387073,799.2303186640729,49.88939491650456,1.0501985262651063,1.0501985262651063
