R_init,NR_init,M_init,MR_init,KDM5A_init,H4_init,H0_init,PRC2_init,H27_init,KDM6A_init,KMT_init
6.588723439378914,-1.2678718962614082e-16,6.588723439378912,43.41127656062109,44.41127656062109,0.015760221970228735,0.3409764333039369,298.85958006835506,49.64326334472584,1.2521635515236598,1.2521635515236598
