R_init,NR_init,M_init,MR_init,KDM5A_init,H4_init,H0_init,PRC2_init,H27_init,KDM6A_init,KMT_init
6.588723439378913,-2.888835441854765e-17,6.588723439378913,43.41127656062109,218.05638280310546,0.027114980742149197,1.8672337234044283,49.10565129585343,48.10565129585343,1.1626898844528952,1.298264788163641
