R_init,NR_init,M_init,MR_init,KDM5A_init,H4_init,H0_init,PRC2_init,H27_init,KDM6A_init,KMT_init
6.588723439378914,4.1434782395772336e-17,6.588723439378912,43.41127656062109,632.7717055412102,0.016916087719278577,1.7690406131566605,49.21404329912406,48.21404329912406,1.1014965263156715,1.2706574035084572
