R_init,NR_init,M_init,MR_init,KDM5A_init,H4_init,H0_init,PRC2_init,H27_init,KDM6A_init,KMT_init
6.58872343937891,-2.362573194004118e-16,6.5887234393789145,43.41127656062109,391.70148904558977,0.001930311717398829,0.1554808627035397,798.4814212092649,49.84258882557906,1.0212334288913871,1.0212334288913871
