R_init,NR_init,M_init,MR_init,KDM5A_init,H4_init,H0_init,PRC2_init,H27_init,KDM6A_init,KMT_init
6.588723439378912,-1.041421138525903e-17,6.588723439378914,43.41127656062109,44.41127656062109,0.008332542982206413,0.27458021912045244,299.302523427384,49.71708723789734,1.0083325429822063,1.0916579728042706
