R_init,NR_init,M_init,MR_init,KDM5A_init,H4_init,H0_init,PRC2_init,H27_init,KDM6A_init,KMT_init
6.588723439378913,-3.936430332991149e-17,6.588723439378913,43.41127656062109,634.2541309267251,0.0494683287838272,8.33075685885421,42.61977481236197,41.61977481236197,1.7914932605412353,1.5441516166220992
