R_init,NR_init,M_init,MR_init,KDM5A_init,H4_init,H0_init,PRC2_init,H27_init,KDM6A_init,KMT_init
6.5887234393789145,3.6528084092118657e-17,6.588723439378912,43.41127656062109,391.7014890455898,0.0543280951928455,6.5800671759860165,694.8496756611382,43.36560472882114,1.0543280951928455,1.325968571157073
