R_init,NR_init,M_init,MR_init,KDM5A_init,H4_init,H0_init,PRC2_init,H27_init,KDM6A_init,KMT_init
6.588723439378913,-4.301314314707469e-17,6.588723439378913,43.41127656062109,391.7014890455898,0.0036437722428341434,0.8226731789775635,296.0420982926777,49.17368304877961,1.0400814946711756,1.0583003558853463
