R_init,NR_init,M_init,MR_init,KDM5A_init,H4_init,H0_init,PRC2_init,H27_init,KDM6A_init,KMT_init
6.588723439378912,4.8499465433452835e-17,6.588723439378914,43.41127656062109,1280.9294562732061,0.03045449519979885,5.508147143419377,45.46139836138082,44.46139836138082,1.182726971198793,1.4872719231967815
