R_init,NR_init,M_init,MR_init,KDM5A_init,H4_init,H0_init,PRC2_init,H27_init,KDM6A_init,KMT_init
6.588723439378913,1.1025810817901763e-16,6.588723439378913,43.41127656062109,218.05638280310544,0.005135748979824843,0.22814521813266092,548.4339093617627,49.766719032887515,1.030814493878949,1.030814493878949
