R_init,NR_init,M_init,MR_init,KDM5A_init,H4_init,H0_init,PRC2_init,H27_init,KDM6A_init,KMT_init
6.588723439378912,3.4377820369415354e-17,6.588723439378913,43.41127656062109,745.9659397465554,0.10357459876569934,14.702454938337643,388.13367509186327,35.19397046289666,1.621447592594196,1.1035745987656993
