R_init,NR_init,M_init,MR_init,KDM5A_init,H4_init,H0_init,PRC2_init,H27_init,KDM6A_init,KMT_init
6.588723439378913,-8.342211366635015e-17,6.588723439378913,43.41127656062109,44.41127656062109,0.013972753981935952,0.4108029701475507,298.45134565522307,49.57522427587051,1.013972753981936,1.2235640637109753
