R_init,NR_init,M_init,MR_init,KDM5A_init,H4_init,H0_init,PRC2_init,H27_init,KDM6A_init,KMT_init
6.588723439378913,-5.651047258507361e-17,6.588723439378913,43.41127656062109,391.7014890455898,0.0028199762430626434,0.22194939528128865,548.5275369132322,49.775230628475654,1.0028199762430627,1.0451196198890023
