R_init,NR_init,M_init,MR_init,KDM5A_init,H4_init,H0_init,PRC2_init,H27_init,KDM6A_init,KMT_init
6.588723439378913,-5.779588143428832e-19,6.588723439378914,43.41127656062109,842.463775909073,0.04936993225019624,8.32347052735197,42.62715954039784,41.62715954039784,1.78991891600314,1.0493699322501961
