R_init,NR_init,M_init,MR_init,KDM5A_init,H4_init,H0_init,PRC2_init,H27_init,KDM6A_init,KMT_init
6.588723439378914,1.0614425690522315e-17,6.588723439378912,43.41127656062109,218.05638280310546,0.03261895333986996,1.2491969272839192,49.71818411937621,48.71818411937621,1.03261895333987,1.1957137200392198
