R_init,NR_init,M_init,MR_init,KDM5A_init,H4_init,H0_init,PRC2_init,H27_init,KDM6A_init,KMT_init
6.588723439378911,-2.9547106411613584e-16,6.5887234393789145,43.41127656062109,44.41127656062109,0.0062294468051132595,0.1579386155343633,798.3733110025684,49.83583193766052,1.0373766808306795,1.068523914856246
