R_init,NR_init,M_init,MR_init,KDM5A_init,H4_init,H0_init,PRC2_init,H27_init,KDM6A_init,KMT_init
6.588723439378912,-7.662838333105428e-18,6.588723439378914,43.41127656062109,391.7014890455898,0.029573074308415846,4.796549215701441,46.173877709990144,45.173877709990144,1.029573074308416,1.4731691889346537
