R_init,NR_init,M_init,MR_init,KDM5A_init,H4_init,H0_init,PRC2_init,H27_init,KDM6A_init,KMT_init
6.588723439378912,-1.1138754587410435e-17,6.588723439378914,43.41127656062109,1136.9593797623272,0.03411357614064204,0.28202704274352614,299.10315628669497,49.68385938111583,1.3752493375470625,1.3752493375470625
