R_init,NR_init,M_init,MR_init,KDM5A_init,H4_init,H0_init,PRC2_init,H27_init,KDM6A_init,KMT_init
6.588723439378912,-7.085871766683181e-19,6.588723439378913,43.41127656062109,859.4657185569141,0.12729809364208952,18.688419938936295,188.1056918045297,31.184281967421615,1.1272980936420895,2.400279030062985
