R_init,NR_init,M_init,MR_init,KDM5A_init,H4_init,H0_init,PRC2_init,H27_init,KDM6A_init,KMT_init
6.588723439378914,-8.49689124723136e-17,6.588723439378912,43.41127656062109,218.05638280310544,0.0017698936345928568,0.1552122075221298,798.4882863814925,49.84301789884328,1.0194688299805215,1.0194688299805215
