R_init,NR_init,M_init,MR_init,KDM5A_init,H4_init,H0_init,PRC2_init,H27_init,KDM6A_init,KMT_init
6.588723439378913,-3.530105076378072e-18,6.588723439378914,43.41127656062109,454.8218888176982,0.03902484963781659,2.6078739474436303,48.35310120291855,47.35310120291855,1.6243975942050655,1.4292733460159825
