R_init,NR_init,M_init,MR_init,KDM5A_init,H4_init,H0_init,PRC2_init,H27_init,KDM6A_init,KMT_init
6.588723439378913,-1.005700885409695e-16,6.588723439378913,43.41127656062109,885.3025593249855,0.14509301089978574,0.4947999611606422,543.9611773073352,49.36010702793957,1.1450930108997859,2.596023119897643
