R_init,NR_init,M_init,MR_init,KDM5A_init,H4_init,H0_init,PRC2_init,H27_init,KDM6A_init,KMT_init
6.588723439378913,-5.056504350788552e-18,6.588723439378912,43.41127656062109,377.0708842967043,0.09199895355358265,18.10510074772665,191.81740179231858,31.802900298719766,1.0919989535535826,1.5519937213214958
