R_init,NR_init,M_init,MR_init,KDM5A_init,H4_init,H0_init,PRC2_init,H27_init,KDM6A_init,KMT_init
6.588723439378912,-2.5100911765246798e-20,6.588723439378914,43.41127656062109,44.41127656062109,0.006653550742425351,0.23016075495486032,548.3950426373299,49.76318569430271,1.039921304454552,1.039921304454552
