R_init,NR_init,M_init,MR_init,KDM5A_init,H4_init,H0_init,PRC2_init,H27_init,KDM6A_init,KMT_init
6.588723439378912,7.384715578478304e-17,6.588723439378914,43.41127656062109,964.0864651568505,0.03271672795934294,0.23194444845765474,796.765421177328,49.735338823583,1.523467647349487,1.3598840075527725
