R_init,NR_init,M_init,MR_init,KDM5A_init,H4_init,H0_init,PRC2_init,H27_init,KDM6A_init,KMT_init
6.588723439378913,-9.067247758096908e-17,6.588723439378913,43.41127656062109,391.7014890455898,0.005771319483589681,0.43460163345467095,546.1558975176791,49.55962704706174,1.0057713194835898,1.0923411117374349
