R_init,NR_init,M_init,MR_init,KDM5A_init,H4_init,H0_init,PRC2_init,H27_init,KDM6A_init,KMT_init
6.588723439378913,-3.2751940627332937e-19,6.588723439378914,43.41127656062109,868.1961984390033,0.02653729721308741,6.630808327060394,44.34265437572652,43.34265437572652,1.4245967554093986,1.4245967554093986
