R_init,NR_init,M_init,MR_init,KDM5A_init,H4_init,H0_init,PRC2_init,H27_init,KDM6A_init,KMT_init
6.5887234393789145,4.885380532311735e-17,6.588723439378912,43.41127656062109,44.41127656062109,0.013128231911766536,0.4661439994017768,545.728005455551,49.520727768686456,1.0787693914705994,1.0131282319117665
