R_init,NR_init,M_init,MR_init,KDM5A_init,H4_init,H0_init,PRC2_init,H27_init,KDM6A_init,KMT_init
6.588723439378914,7.167096270716033e-17,6.588723439378912,43.41127656062109,391.7014890455898,0.09794586593222858,9.907487420335851,640.9130674197106,39.99456671373191,1.5876751955933714,1.5876751955933714
