R_init,NR_init,M_init,MR_init,KDM5A_init,H4_init,H0_init,PRC2_init,H27_init,KDM6A_init,KMT_init
6.588723439378913,-3.8919931314315013e-16,6.588723439378913,43.41127656062109,712.9097988258696,0.09201445320756615,0.42264394451600873,297.9120496136585,49.48534160227642,1.5520867192453969,1.5520867192453969
