R_init,NR_init,M_init,MR_init,KDM5A_init,H4_init,H0_init,PRC2_init,H27_init,KDM6A_init,KMT_init
6.588723439378914,2.2642876749838613e-18,6.588723439378912,43.41127656062109,571.6894444308829,0.03957207754953561,14.808550064433014,387.67065643819194,35.15187785801745,1.6331532407925697,1.2374324652972137
