R_init,NR_init,M_init,MR_init,KDM5A_init,H4_init,H0_init,PRC2_init,H27_init,KDM6A_init,KMT_init
6.588723439378912,-1.7157497721290377e-16,6.588723439378914,43.41127656062109,391.7014890455898,0.0029057374530518983,0.22839945279085722,548.4556429073169,49.768694809756084,1.0319631119835708,1.0464917992488305
