R_init,NR_init,M_init,MR_init,KDM5A_init,H4_init,H0_init,PRC2_init,H27_init,KDM6A_init,KMT_init
6.588723439378912,-3.217268463421475e-17,6.588723439378914,43.41127656062109,44.41127656062109,0.10840923805207746,3.518393671698138,47.37319709024979,46.37319709024979,2.192501618572852,1.1084092380520774
