R_init,NR_init,M_init,MR_init,KDM5A_init,H4_init,H0_init,PRC2_init,H27_init,KDM6A_init,KMT_init
6.588723439378914,1.8273572647474375e-17,6.588723439378912,43.41127656062109,44.41127656062109,0.00456190476357032,0.15294265425174475,798.479927055755,49.842495440984685,1.0045619047635703,1.0729904762171252
