R_init,NR_init,M_init,MR_init,KDM5A_init,H4_init,H0_init,PRC2_init,H27_init,KDM6A_init,KMT_init
6.588723439378913,-3.379307371098404e-17,6.588723439378913,43.41127656062109,44.41127656062109,0.010692752502477027,0.25919005485100755,548.0312891191116,49.73011719264652,1.1710840400396325,1.1176202775272472
