R_init,NR_init,M_init,MR_init,KDM5A_init,H4_init,H0_init,PRC2_init,H27_init,KDM6A_init,KMT_init
6.588723439378914,-1.0237364668669662e-16,6.588723439378912,43.41127656062109,282.22498069036743,0.031161149933160617,2.406098024117573,48.56274082594926,47.56274082594926,1.4985783989305699,1.4985783989305699
