R_init,NR_init,M_init,MR_init,KDM5A_init,H4_init,H0_init,PRC2_init,H27_init,KDM6A_init,KMT_init
6.588723439378912,6.397401303355246e-17,6.588723439378914,43.41127656062109,218.05638280310546,0.0026935660494621233,0.23086365641889958,548.4308705528481,49.766442777531644,1.043097056791394,1.043097056791394
