R_init,NR_init,M_init,MR_init,KDM5A_init,H4_init,H0_init,PRC2_init,H27_init,KDM6A_init,KMT_init
6.588723439378914,2.480747744267825e-17,6.588723439378912,43.41127656062109,1208.4709169711812,0.05680255158919037,0.4224707400070225,545.7279937924417,49.520726708403785,1.908840825427046,1.6248280674810942
