R_init,NR_init,M_init,MR_init,KDM5A_init,H4_init,H0_init,PRC2_init,H27_init,KDM6A_init,KMT_init
6.588723439378914,-1.0390609332644883e-16,6.588723439378912,43.41127656062109,44.41127656062109,0.004925652857358104,0.16424680633010352,798.2932406530006,49.830827540812535,1.0788104457177297,1.0788104457177297
