R_init,NR_init,M_init,MR_init,KDM5A_init,H4_init,H0_init,PRC2_init,H27_init,KDM6A_init,KMT_init
6.588723439378912,1.0392009001855954e-17,6.588723439378913,43.41127656062109,794.7642542627336,0.044812133916992396,11.507996435441132,423.91910573706065,38.44719143064187,1.2688728035019543,1.2688728035019543
