R_init,NR_init,M_init,MR_init,KDM5A_init,H4_init,H0_init,PRC2_init,H27_init,KDM6A_init,KMT_init
6.588723439378914,5.724676336186121e-18,6.588723439378912,43.41127656062109,945.2660023187806,0.07267688472558194,13.023022230395036,406.94730973367325,36.90430088487938,1.4360613083534917,2.162830155609311
