R_init,NR_init,M_init,MR_init,KDM5A_init,H4_init,H0_init,PRC2_init,H27_init,KDM6A_init,KMT_init
6.588723439378912,-2.5759078075261468e-17,6.588723439378914,43.41127656062109,218.05638280310546,0.0023877626113770443,0.4157834185956745,298.4909729127577,49.58182881879295,1.0262653887251474,1.0143265756682622
