R_init,NR_init,M_init,MR_init,KDM5A_init,H4_init,H0_init,PRC2_init,H27_init,KDM6A_init,KMT_init
6.588723439378913,-1.2869917550782428e-16,6.588723439378913,43.41127656062109,391.7014890455898,0.019731826730766344,1.2336213863707042,49.74664678689852,48.74664678689852,1.0197318267307662,1.3157092276922615
