R_init,NR_init,M_init,MR_init,KDM5A_init,H4_init,H0_init,PRC2_init,H27_init,KDM6A_init,KMT_init
6.5887234393789145,-3.412269909461064e-17,6.588723439378912,43.41127656062109,44.41127656062109,0.012709328958205897,0.3199117102141399,795.6780633732424,49.66737896082765,1.0762559737492354,1.0762559737492354
