R_init,NR_init,M_init,MR_init,KDM5A_init,H4_init,H0_init,PRC2_init,H27_init,KDM6A_init,KMT_init
6.588723439378914,1.4819582464886757e-19,6.588723439378912,43.41127656062109,44.41127656062109,0.008774307354618606,0.29985330404280813,796.0619582176412,49.69137238860257,1.0087743073546187,1.0526458441277116
