R_init,NR_init,M_init,MR_init,KDM5A_init,H4_init,H0_init,PRC2_init,H27_init,KDM6A_init,KMT_init
6.588723439378913,-3.457299490130384e-16,6.588723439378913,43.41127656062109,44.41127656062109,0.006677177226890932,0.16343052504515174,798.2782767636473,49.82989229772796,1.0734489494958004,1.106834835630255
