R_init,NR_init,M_init,MR_init,KDM5A_init,H4_init,H0_init,PRC2_init,H27_init,KDM6A_init,KMT_init
6.588723439378914,7.777638903484566e-17,6.588723439378912,43.41127656062109,391.7014890455898,0.0901911055415275,0.3240531881035295,794.3720913016791,49.585755706354945,1.0901911055415274,1.0901911055415274
