R_init,NR_init,M_init,MR_init,KDM5A_init,H4_init,H0_init,PRC2_init,H27_init,KDM6A_init,KMT_init
6.588723439378913,-3.476720847390155e-17,6.588723439378913,43.41127656062109,616.2878764260919,0.1098932307095037,10.066957406991845,439.05464298528517,39.82314936229865,1.1098932307095037,2.758291691352059
