R_init,NR_init,M_init,MR_init,KDM5A_init,H4_init,H0_init,PRC2_init,H27_init,KDM6A_init,KMT_init
6.588723439378912,-7.13853231101151e-17,6.588723439378914,43.41127656062109,218.05638280310546,0.011334626445073765,0.4614939306245373,545.7988858722342,49.52717144293039,1.0680077586704426,1.1246808908958112
