R_init,NR_init,M_init,MR_init,KDM5A_init,H4_init,H0_init,PRC2_init,H27_init,KDM6A_init,KMT_init
6.5887234393789145,-1.6218142946997768e-17,6.58872343937891,43.41127656062109,218.05638280310546,0.02217524296963082,0.8962039452300112,295.48972487080215,49.081620811800356,1.1330514578177848,1.1330514578177848
