R_init,NR_init,M_init,MR_init,KDM5A_init,H4_init,H0_init,PRC2_init,H27_init,KDM6A_init,KMT_init
6.588723439378912,2.02767335012305e-19,6.588723439378914,43.41127656062109,588.3841396558505,0.04386478098131156,10.619605096966561,630.3844819528341,39.33653012205213,1.7018364957009848,1.482512590794427
