R_init,NR_init,M_init,MR_init,KDM5A_init,H4_init,H0_init,PRC2_init,H27_init,KDM6A_init,KMT_init
6.588723439378912,2.7236665548858488e-17,6.588723439378914,43.41127656062109,391.7014890455898,0.1634472342514255,7.260886416688828,682.2106615849559,42.575666349059745,1.1634472342514255,3.615155748022808
