R_init,NR_init,M_init,MR_init,KDM5A_init,H4_init,H0_init,PRC2_init,H27_init,KDM6A_init,KMT_init
6.588723439378913,9.30742988009568e-18,6.588723439378913,43.41127656062109,218.05638280310546,0.008114906989315338,1.3667543766835704,49.625130716327114,48.625130716327114,1.1298385118290455,1.048689441935892
