R_init,NR_init,M_init,MR_init,KDM5A_init,H4_init,H0_init,PRC2_init,H27_init,KDM6A_init,KMT_init
6.588723439378912,-1.1386516120343364e-17,6.588723439378914,43.41127656062109,1206.1012453827327,0.06075385837767501,0.53700301264096,297.41345877388824,49.40224312898137,1.9720617340428002,1.3645231502660502
