R_init,NR_init,M_init,MR_init,KDM5A_init,H4_init,H0_init,PRC2_init,H27_init,KDM6A_init,KMT_init
6.588723439378914,-1.3606760736753556e-17,6.588723439378912,43.41127656062109,218.05638280310544,0.0025854897914674535,0.22761979427117365,548.467741875311,49.769794715937365,1.0284403877061419,1.0155129387488049
