R_init,NR_init,M_init,MR_init,KDM5A_init,H4_init,H0_init,PRC2_init,H27_init,KDM6A_init,KMT_init
6.588723439378914,1.0936127967618222e-16,6.588723439378912,43.41127656062109,713.4039543956595,0.07991054345906393,0.3853322972855291,298.20854295553244,49.534757159255406,1.879015978049703,1.4794632607543834
