R_init,NR_init,M_init,MR_init,KDM5A_init,H4_init,H0_init,PRC2_init,H27_init,KDM6A_init,KMT_init
6.588723439378911,6.733527040971312e-17,6.5887234393789145,43.41127656062109,218.05638280310544,0.023337295684646674,2.722922365442356,48.253740338872994,47.253740338872994,1.14002377410788,1.14002377410788
