R_init,NR_init,M_init,MR_init,KDM5A_init,H4_init,H0_init,PRC2_init,H27_init,KDM6A_init,KMT_init
6.588723439378912,-3.543263584773825e-17,6.588723439378913,43.41127656062109,391.7014890455898,0.04878663634812642,0.10732307315918249,798.5022446478831,49.843890290492695,1.0487866363481266,1.7805861815700228
