R_init,NR_init,M_init,MR_init,KDM5A_init,H4_init,H0_init,PRC2_init,H27_init,KDM6A_init,KMT_init
6.588723439378913,9.681939517726502e-19,6.588723439378913,43.41127656062109,640.6405789492717,0.044865086765386974,0.1673169324982377,548.6659977881001,49.78781798073638,1.4935159544192567,1.7178413882461916
