R_init,NR_init,M_init,MR_init,KDM5A_init,H4_init,H0_init,PRC2_init,H27_init,KDM6A_init,KMT_init
6.5887234393789145,-1.8401989647108146e-17,6.588723439378911,43.41127656062109,218.05638280310544,0.004733924127442834,0.20604564890032948,299.73532256183336,49.78922042697223,1.004733924127443,1.0520731654018711
