R_init,NR_init,M_init,MR_init,KDM5A_init,H4_init,H0_init,PRC2_init,H27_init,KDM6A_init,KMT_init
6.588723439378912,-1.2465141822099392e-16,6.588723439378914,43.41127656062109,432.7690613861226,0.08311977950331612,6.974344503893262,43.94253571660342,42.94253571660342,1.4987186770198966,1.083119779503316
