R_init,NR_init,M_init,MR_init,KDM5A_init,H4_init,H0_init,PRC2_init,H27_init,KDM6A_init,KMT_init
6.588723439378912,-6.5734030149969415e-18,6.588723439378914,43.41127656062109,391.7014890455898,0.0037158151345694766,0.28850072187901393,299.24670077791853,49.70778346298642,1.0594530421531116,1.0594530421531116
