R_init,NR_init,M_init,MR_init,KDM5A_init,H4_init,H0_init,PRC2_init,H27_init,KDM6A_init,KMT_init
6.588723439378913,-1.3041954518421637e-17,6.588723439378912,43.41127656062109,44.41127656062109,0.0023030545261978974,0.07990372687526057,799.6846914975768,49.91779321859855,1.0368488724191662,1.0368488724191662
