R_init,NR_init,M_init,MR_init,KDM5A_init,H4_init,H0_init,PRC2_init,H27_init,KDM6A_init,KMT_init
6.588723439378913,-2.4842944764598324e-18,6.588723439378914,43.41127656062109,218.05638280310544,0.0017431253800526964,0.15161237222676185,549.313089526325,49.84664450239318,1.0191743791805796,1.0278900060808431
