R_init,NR_init,M_init,MR_init,KDM5A_init,H4_init,H0_init,PRC2_init,H27_init,KDM6A_init,KMT_init
6.588723439378913,3.7069725571421237e-16,6.588723439378912,43.41127656062109,1130.2458743866503,0.09230184134602094,0.6714058025832766,542.5992159167777,49.2362923560707,1.5538110480761256,1.5538110480761256
