R_init,NR_init,M_init,MR_init,KDM5A_init,H4_init,H0_init,PRC2_init,H27_init,KDM6A_init,KMT_init
6.588723439378912,-2.7015567401296044e-17,6.588723439378914,43.41127656062109,218.05638280310546,0.005427651198394973,0.23453917234390642,548.3603649410346,49.760033176457696,1.0597041631823447,1.0597041631823447
