R_init,NR_init,M_init,MR_init,KDM5A_init,H4_init,H0_init,PRC2_init,H27_init,KDM6A_init,KMT_init
6.5887234393789145,-2.302029184388973e-18,6.588723439378911,43.41127656062109,218.05638280310544,0.020601369621326214,1.6392071796119307,49.340191450766746,48.340191450766746,1.0206013696213263,1.1236082177279574
