R_init,NR_init,M_init,MR_init,KDM5A_init,H4_init,H0_init,PRC2_init,H27_init,KDM6A_init,KMT_init
6.588723439378913,8.359610304531033e-18,6.588723439378913,43.41127656062109,218.05638280310546,0.01793311406632994,2.645571581966085,48.33649530396758,47.33649530396758,1.1075986843979797,1.1972642547296293
