R_init,NR_init,M_init,MR_init,KDM5A_init,H4_init,H0_init,PRC2_init,H27_init,KDM6A_init,KMT_init
6.588723439378914,7.621510316087e-18,6.588723439378912,43.41127656062109,44.41127656062109,0.1380264692404408,4.363030922113643,46.49894260864591,45.49894260864591,1.8281588154426447,1.1380264692404407
