R_init,NR_init,M_init,MR_init,KDM5A_init,H4_init,H0_init,PRC2_init,H27_init,KDM6A_init,KMT_init
6.588723439378912,-8.975487516108665e-18,6.588723439378914,43.41127656062109,458.5172732092522,0.028382773100514586,1.8794391456701345,49.09217808122935,48.09217808122935,1.1702966386030875,1.4541243696082333
