R_init,NR_init,M_init,MR_init,KDM5A_init,H4_init,H0_init,PRC2_init,H27_init,KDM6A_init,KMT_init
6.588723439378915,1.1214746220731e-16,6.58872343937891,43.41127656062109,616.6881708057788,0.011892272330893789,4.9907713756312955,45.997336352037806,44.997336352037806,1.0713536339853627,1.1902763572943007
