R_init,NR_init,M_init,MR_init,KDM5A_init,H4_init,H0_init,PRC2_init,H27_init,KDM6A_init,KMT_init
6.5887234393789145,2.3863957629134136e-17,6.588723439378911,43.41127656062109,391.70148904558977,0.005236273455888956,0.40726379258812334,298.5249996037359,49.58749993395599,1.0052362734558888,1.0575990080147786
