R_init,NR_init,M_init,MR_init,KDM5A_init,H4_init,H0_init,PRC2_init,H27_init,KDM6A_init,KMT_init
6.588723439378912,-1.2788324571613905e-16,6.588723439378914,43.41127656062109,218.05638280310544,0.0016094413586302822,0.2771322097640279,299.32755009326405,49.72125834887734,1.017703854944933,1.0257510617380845
