R_init,NR_init,M_init,MR_init,KDM5A_init,H4_init,H0_init,PRC2_init,H27_init,KDM6A_init,KMT_init
6.588723439378913,3.830708487951007e-17,6.588723439378913,43.41127656062109,44.41127656062109,0.01632190000030046,0.3748700982668167,794.7409280277261,49.60880800173288,1.2611504000048075,1.179540900003305
