R_init,NR_init,M_init,MR_init,KDM5A_init,H4_init,H0_init,PRC2_init,H27_init,KDM6A_init,KMT_init
6.588723439378913,7.084361692632001e-17,6.588723439378913,43.41127656062109,44.41127656062109,0.03089470022801589,0.9375814117041922,295.1891433284067,49.03152388806779,1.1853682013680953,1.1853682013680953
