R_init,NR_init,M_init,MR_init,KDM5A_init,H4_init,H0_init,PRC2_init,H27_init,KDM6A_init,KMT_init
6.5887234393789145,3.0184684968673494e-17,6.588723439378912,43.41127656062109,44.41127656062109,0.06664938958026137,2.2477746171798665,48.68557599323987,47.68557599323987,1.3998963374815683,1.0666493895802613
