R_init,NR_init,M_init,MR_init,KDM5A_init,H4_init,H0_init,PRC2_init,H27_init,KDM6A_init,KMT_init
6.588723439378912,-9.981474022481709e-18,6.588723439378914,43.41127656062109,44.41127656062109,0.006892732376710947,0.2381059806973235,548.3050141561855,49.75500128692596,1.0758200561438205,1.0413563942602655
