R_init,NR_init,M_init,MR_init,KDM5A_init,H4_init,H0_init,PRC2_init,H27_init,KDM6A_init,KMT_init
6.588723439378913,-1.2406497202932538e-16,6.588723439378913,43.41127656062109,44.41127656062109,0.006275412430888052,0.15902875563995036,549.1816541512208,49.83469583192916,1.0690295367397686,1.0690295367397686
