R_init,NR_init,M_init,MR_init,KDM5A_init,H4_init,H0_init,PRC2_init,H27_init,KDM6A_init,KMT_init
6.588723439378912,-3.7887512415453835e-17,6.5887234393789145,43.41127656062109,575.1842877331682,0.09420085999598597,14.193008646997747,393.84069542306895,35.71279049300627,1.5652051599759158,1.5652051599759158
