R_init,NR_init,M_init,MR_init,KDM5A_init,H4_init,H0_init,PRC2_init,H27_init,KDM6A_init,KMT_init
6.588723439378914,-1.3913016069032973e-17,6.588723439378912,43.41127656062109,44.41127656062109,0.015149675207450966,0.43865387641012543,546.0081609322066,49.54619644838242,1.015149675207451,1.2423948033192154
