R_init,NR_init,M_init,MR_init,KDM5A_init,H4_init,H0_init,PRC2_init,H27_init,KDM6A_init,KMT_init
6.588723439378912,-1.3245712869140824e-17,6.588723439378914,43.41127656062109,466.1481393928239,0.1312712237733496,0.25037745828295427,546.8018644973806,49.61835131794369,1.1312712237733495,2.443983461506846
