R_init,NR_init,M_init,MR_init,KDM5A_init,H4_init,H0_init,PRC2_init,H27_init,KDM6A_init,KMT_init
6.588723439378912,1.25065079377474e-16,6.588723439378914,43.41127656062109,44.41127656062109,0.038557051104373165,0.9739422250027281,294.92500434335733,48.98750072389289,1.231342306626239,1.4241275621481049
