R_init,NR_init,M_init,MR_init,KDM5A_init,H4_init,H0_init,PRC2_init,H27_init,KDM6A_init,KMT_init
6.588723439378913,-7.707222549842695e-17,6.588723439378913,43.41127656062109,391.7014890455898,0.001902521062390785,0.15187319860021206,549.3084670837113,49.846224280337395,1.0209277316862986,1.0304403369982527
