R_init,NR_init,M_init,MR_init,KDM5A_init,H4_init,H0_init,PRC2_init,H27_init,KDM6A_init,KMT_init
6.588723439378912,2.8049864979499657e-17,6.588723439378914,43.41127656062109,391.7014890455898,0.01076131275163407,1.6234203116434456,49.365818375604924,48.365818375604924,1.0107613127516342,1.0645678765098046
