R_init,NR_init,M_init,MR_init,KDM5A_init,H4_init,H0_init,PRC2_init,H27_init,KDM6A_init,KMT_init
6.588723439378912,-2.4094129873200035e-17,6.588723439378914,43.41127656062109,391.7014890455898,0.003643919604748183,0.2832261795292452,299.278779405196,49.71312990086601,1.0400831156522299,1.058302713675971
