R_init,NR_init,M_init,MR_init,KDM5A_init,H4_init,H0_init,PRC2_init,H27_init,KDM6A_init,KMT_init
6.588723439378912,8.523033744774122e-19,6.588723439378914,43.41127656062109,1026.9632777817008,0.0574468676001033,7.591767216659167,43.35078591574073,42.35078591574073,1.6319155436011363,1.6319155436011363
