R_init,NR_init,M_init,MR_init,KDM5A_init,H4_init,H0_init,PRC2_init,H27_init,KDM6A_init,KMT_init
6.588723439378911,-1.1932070371903085e-16,6.5887234393789145,43.41127656062109,44.41127656062109,0.004794037795609072,0.12062240269339751,549.6204191546209,49.87458355951099,1.076704604729745,1.076704604729745
