R_init,NR_init,M_init,MR_init,KDM5A_init,H4_init,H0_init,PRC2_init,H27_init,KDM6A_init,KMT_init
6.588723439378912,-2.8361953966186246e-17,6.588723439378914,43.41127656062109,391.7014890455898,0.008649553288743075,1.2202269075590866,49.77112353915217,48.77112353915217,1.0086495532887432,1.1383928526198892
