R_init,NR_init,M_init,MR_init,KDM5A_init,H4_init,H0_init,PRC2_init,H27_init,KDM6A_init,KMT_init
6.588723439378913,-3.600710588996504e-17,6.588723439378914,43.41127656062109,44.41127656062109,0.07598436793186694,0.6586138280506703,789.2464288642793,49.26540180401746,2.2157498869098706,1.075984367931867
