R_init,NR_init,M_init,MR_init,KDM5A_init,H4_init,H0_init,PRC2_init,H27_init,KDM6A_init,KMT_init
6.588723439378913,-1.7879275526638494e-17,6.588723439378914,43.41127656062109,44.41127656062109,0.013299443097051028,0.22426866088560377,548.3867508561907,49.76243189601734,1.013299443097051,1.0797966585823062
