R_init,NR_init,M_init,MR_init,KDM5A_init,H4_init,H0_init,PRC2_init,H27_init,KDM6A_init,KMT_init
6.588723439378912,-3.0997562886039123e-17,6.588723439378914,43.41127656062109,218.05638280310546,0.002622694331514788,0.11526127858513414,549.7032762979169,49.88211602708335,1.0288496376466627,1.0419631093042365
