R_init,NR_init,M_init,MR_init,KDM5A_init,H4_init,H0_init,PRC2_init,H27_init,KDM6A_init,KMT_init
6.588723439378914,3.0550408631988105e-18,6.588723439378912,43.41127656062109,44.41127656062109,0.108640495022573,1.7804365259341732,49.11092297904326,48.11092297904326,1.108640495022573,2.195045445248303
