R_init,NR_init,M_init,MR_init,KDM5A_init,H4_init,H0_init,PRC2_init,H27_init,KDM6A_init,KMT_init
6.5887234393789145,1.6691896311812235e-17,6.588723439378911,43.41127656062109,391.70148904558977,0.0014042705863614431,0.11297320554367675,549.7418477625696,49.88562252386996,1.0084256235181686,1.0224683293817831
