R_init,NR_init,M_init,MR_init,KDM5A_init,H4_init,H0_init,PRC2_init,H27_init,KDM6A_init,KMT_init
6.588723439378912,1.1721813841181997e-17,6.588723439378914,43.41127656062109,1203.9368730675883,0.07623179035448993,0.6297436964213573,543.2342696454657,49.29402451322415,1.4573907421269394,1.4573907421269394
