R_init,NR_init,M_init,MR_init,KDM5A_init,H4_init,H0_init,PRC2_init,H27_init,KDM6A_init,KMT_init
6.588723439378914,9.49252386941589e-17,6.588723439378912,43.41127656062109,218.05638280310546,0.05844146928808084,7.642448246138151,43.299110284573764,42.299110284573764,1.6428561621688893,1.350648815728485
