R_init,NR_init,M_init,MR_init,KDM5A_init,H4_init,H0_init,PRC2_init,H27_init,KDM6A_init,KMT_init
6.588723439378913,-7.354427092006859e-17,6.588723439378913,43.41127656062109,391.7014890455898,0.026393173191098233,7.2291736508901625,684.9109308146999,42.74443317591874,1.1583590391465894,1.1583590391465894
