R_init,NR_init,M_init,MR_init,KDM5A_init,H4_init,H0_init,PRC2_init,H27_init,KDM6A_init,KMT_init
6.5887234393789145,3.1053784848528077e-18,6.588723439378911,43.41127656062109,640.0062742051547,0.09638605396499776,0.2426569141220253,547.2705273510428,49.66095703191298,1.0963860539649977,2.5421768634399644
