R_init,NR_init,M_init,MR_init,KDM5A_init,H4_init,H0_init,PRC2_init,H27_init,KDM6A_init,KMT_init
6.5887234393789145,3.4426934732536337e-17,6.588723439378911,43.41127656062109,44.41127656062109,0.020615405354246108,0.4970127322007649,297.8942311746699,49.482371862444985,1.226769458896707,1.1236924321254766
