R_init,NR_init,M_init,MR_init,KDM5A_init,H4_init,H0_init,PRC2_init,H27_init,KDM6A_init,KMT_init
6.588723439378913,3.9907110276946514e-17,6.588723439378914,43.41127656062109,1010.6576862617541,0.054213324604867996,8.682040194317514,42.26374648107762,41.26374648107762,1.867413193677888,1.325279947629208
