R_init,NR_init,M_init,MR_init,KDM5A_init,H4_init,H0_init,PRC2_init,H27_init,KDM6A_init,KMT_init
6.588723439378914,9.685728982305922e-17,6.588723439378911,43.41127656062108,391.70148904558977,0.02568534732690158,1.6473635050550852,49.32695114761802,48.32695114761802,1.0256853473269016,1.2825388205959174
