R_init,NR_init,M_init,MR_init,KDM5A_init,H4_init,H0_init,PRC2_init,H27_init,KDM6A_init,KMT_init
6.588723439378914,5.3298993780630576e-17,6.588723439378912,43.41127656062109,44.41127656062109,0.014112298737589297,0.4394460763419653,298.2786497495227,49.54644162492045,1.0846737924255359,1.1552352861134823
