R_init,NR_init,M_init,MR_init,KDM5A_init,H4_init,H0_init,PRC2_init,H27_init,KDM6A_init,KMT_init
6.588723439378913,7.83315776122344e-19,6.588723439378914,43.41127656062109,428.04068630177784,0.04584367270487246,7.957295627560653,672.9497711957516,41.996860699734476,1.2750620362292346,1.5042803997535972
