R_init,NR_init,M_init,MR_init,KDM5A_init,H4_init,H0_init,PRC2_init,H27_init,KDM6A_init,KMT_init
6.5887234393789145,3.8938810445834393e-19,6.58872343937891,43.41127656062109,708.163491404184,0.10093941017258969,18.252860353967993,190.8772014151565,31.646200235859414,1.1009394101725896,1.605636461035538
