R_init,NR_init,M_init,MR_init,KDM5A_init,H4_init,H0_init,PRC2_init,H27_init,KDM6A_init,KMT_init
6.5887234393789145,-5.5448612219685485e-17,6.588723439378912,43.41127656062109,44.41127656062109,0.0071506161621294265,0.11683571865192022,549.6361503170455,49.87601366518595,1.0429036969727765,1.114409858594071
