R_init,NR_init,M_init,MR_init,KDM5A_init,H4_init,H0_init,PRC2_init,H27_init,KDM6A_init,KMT_init
6.588723439378913,-1.1001620378639038e-16,6.588723439378913,43.41127656062109,1197.2035361276119,0.05003457149445685,9.674863074404431,645.4016376656177,40.27510235410111,1.5503802864390255,1.3002074289667411
