R_init,NR_init,M_init,MR_init,KDM5A_init,H4_init,H0_init,PRC2_init,H27_init,KDM6A_init,KMT_init
6.588723439378912,7.313411286189718e-17,6.588723439378914,43.41127656062109,570.1714031938847,0.05678834863871311,14.731709612283366,388.32652242985716,35.21150203907792,1.6246718350258442,1.3407300918322786
