R_init,NR_init,M_init,MR_init,KDM5A_init,H4_init,H0_init,PRC2_init,H27_init,KDM6A_init,KMT_init
6.588723439378914,1.9514723319673e-17,6.588723439378913,43.41127656062109,218.05638280310544,0.005275599370498219,0.44578539108379606,546.0383291050027,49.548939009545705,1.0316535962229894,1.0580315930754804
