R_init,NR_init,M_init,MR_init,KDM5A_init,H4_init,H0_init,PRC2_init,H27_init,KDM6A_init,KMT_init
6.588723439378912,-7.002149002537564e-17,6.588723439378914,43.41127656062109,218.05638280310546,0.04709497739563465,2.0595702725763783,48.89333475002798,47.89333475002798,1.282569864373808,1.0470949773956346
