R_init,NR_init,M_init,MR_init,KDM5A_init,H4_init,H0_init,PRC2_init,H27_init,KDM6A_init,KMT_init
6.588723439378914,2.7141597892273544e-17,6.588723439378912,43.41127656062109,44.41127656062109,0.006329232789085496,0.21286251857478775,299.68484949181675,49.78080824863613,1.037975396734513,1.0696215606799404
