R_init,NR_init,M_init,MR_init,KDM5A_init,H4_init,H0_init,PRC2_init,H27_init,KDM6A_init,KMT_init
6.588723439378913,1.2068807776794106e-17,6.588723439378913,43.41127656062109,44.41127656062109,0.0030379458053674466,0.07963928322579315,799.6771643355014,49.91732277096884,1.0334174038590418,1.0334174038590418
