R_init,NR_init,M_init,MR_init,KDM5A_init,H4_init,H0_init,PRC2_init,H27_init,KDM6A_init,KMT_init
6.588723439378912,7.142980273259706e-17,6.588723439378914,43.41127656062109,466.87644881861763,0.07593169121574686,0.160055105681823,548.4041452341268,49.76401320310243,1.0759316912157468,2.21490705945195
