R_init,NR_init,M_init,MR_init,KDM5A_init,H4_init,H0_init,PRC2_init,H27_init,KDM6A_init,KMT_init
6.588723439378913,-1.2344877508566225e-16,6.588723439378913,43.41127656062109,391.7014890455898,0.0037779959820753812,0.29836822343291525,796.1656604893601,49.69785378058501,1.0037779959820754,1.0415579558028292
