R_init,NR_init,M_init,MR_init,KDM5A_init,H4_init,H0_init,PRC2_init,H27_init,KDM6A_init,KMT_init
6.5887234393789145,4.099061982412381e-17,6.588723439378911,43.41127656062109,44.41127656062109,0.014112560713976088,0.2224392426235893,299.5806891799746,49.76344819666244,1.0846753642838565,1.155238167853737
