R_init,NR_init,M_init,MR_init,KDM5A_init,H4_init,H0_init,PRC2_init,H27_init,KDM6A_init,KMT_init
6.588723439378912,-8.024310479572647e-18,6.588723439378914,43.41127656062109,218.05638280310546,0.014217913283065396,0.5304044940876461,545.0091535189222,49.45537759262929,1.2274866125290465,1.2274866125290465
