R_init,NR_init,M_init,MR_init,KDM5A_init,H4_init,H0_init,PRC2_init,H27_init,KDM6A_init,KMT_init
6.588723439378912,8.845076660615011e-17,6.588723439378914,43.41127656062109,44.41127656062109,0.005880737257354117,0.15838293131209114,549.1930996457361,49.83573633143055,1.0646881098308953,1.0058807372573542
