R_init,NR_init,M_init,MR_init,KDM5A_init,H4_init,H0_init,PRC2_init,H27_init,KDM6A_init,KMT_init
6.588723439378913,2.655523166412687e-18,6.588723439378914,43.41127656062109,714.5725177862918,0.054581277819155595,0.2938052238622151,547.167748481505,49.65161349831863,1.3274876669149336,1.3274876669149336
