R_init,NR_init,M_init,MR_init,KDM5A_init,H4_init,H0_init,PRC2_init,H27_init,KDM6A_init,KMT_init
6.588723439378912,-1.4297310483121286e-17,6.588723439378914,43.41127656062109,391.7014890455898,0.08633699148761298,0.22277891402919425,299.1453045668992,49.690884094483195,1.086336991487613,1.5180219489256779
