R_init,NR_init,M_init,MR_init,KDM5A_init,H4_init,H0_init,PRC2_init,H27_init,KDM6A_init,KMT_init
6.588723439378912,-1.0198822557325456e-17,6.588723439378914,43.41127656062109,218.05638280310546,0.011514255476204835,1.293299597347293,49.6951861471765,48.6951861471765,1.069085532857229,1.1842280876192774
