R_init,NR_init,M_init,MR_init,KDM5A_init,H4_init,H0_init,PRC2_init,H27_init,KDM6A_init,KMT_init
6.588723439378913,-1.294176928276234e-16,6.588723439378913,43.41127656062109,391.7014890455898,0.002676269045706618,0.8248394274342932,296.03490582112,49.17248430352,1.0428203047313058,1.0294389595027729
