R_init,NR_init,M_init,MR_init,KDM5A_init,H4_init,H0_init,PRC2_init,H27_init,KDM6A_init,KMT_init
6.588723439378912,3.0943936133141384e-17,6.588723439378914,43.41127656062109,218.05638280310546,0.011914146895410246,0.9417413726743759,295.2780668825813,49.046344480430214,1.190626350326564,1.1310556158495129
