R_init,NR_init,M_init,MR_init,KDM5A_init,H4_init,H0_init,PRC2_init,H27_init,KDM6A_init,KMT_init
6.588723439378913,-1.3345237087249844e-17,6.588723439378913,43.41127656062109,391.7014890455898,0.08319401046297296,6.97640921525845,43.940396774278575,42.940396774278575,1.4991640627778378,1.9151341150927024
