R_init,NR_init,M_init,MR_init,KDM5A_init,H4_init,H0_init,PRC2_init,H27_init,KDM6A_init,KMT_init
6.588723439378912,-5.960034765306974e-18,6.588723439378914,43.41127656062109,218.05638280310546,0.010220923850272921,1.2221261460397657,49.76765293010997,48.76765293010997,1.0102209238502728,1.1124301623530022
