R_init,NR_init,M_init,MR_init,KDM5A_init,H4_init,H0_init,PRC2_init,H27_init,KDM6A_init,KMT_init
6.588723439378913,-8.128460063225939e-17,6.588723439378913,43.41127656062109,391.7014890455898,0.0017619768262511566,0.277589106760966,299.3238934984767,49.720648916412785,1.0193817450887628,1.0193817450887628
