R_init,NR_init,M_init,MR_init,KDM5A_init,H4_init,H0_init,PRC2_init,H27_init,KDM6A_init,KMT_init
6.588723439378914,1.377218579491375e-17,6.588723439378912,43.41127656062109,218.05638280310546,0.001609441111133697,0.2793235125053683,299.314402278301,49.71906704638349,1.0257510577781392,1.0177038522224706
