R_init,NR_init,M_init,MR_init,KDM5A_init,H4_init,H0_init,PRC2_init,H27_init,KDM6A_init,KMT_init
6.588723439378912,7.096406739056974e-17,6.588723439378914,43.41127656062109,614.3042546710127,0.028405150602796265,5.451041724312641,45.52055312508457,44.52055312508457,1.1704309036167777,1.3124566566307592
