R_init,NR_init,M_init,MR_init,KDM5A_init,H4_init,H0_init,PRC2_init,H27_init,KDM6A_init,KMT_init
6.588723439378912,6.085931725932925e-19,6.5887234393789145,43.41127656062109,638.1022934926547,0.0456425363000071,7.949766394745065,673.0734571032788,42.00459106895492,1.2738552178000426,1.502067899300078
