R_init,NR_init,M_init,MR_init,KDM5A_init,H4_init,H0_init,PRC2_init,H27_init,KDM6A_init,KMT_init
6.588723439378914,2.406712358942172e-17,6.588723439378912,43.41127656062109,552.6170224533892,0.07030929583702378,17.74658402260312,194.09864008935915,32.183106681559856,1.0703092958370237,1.7734022542072618
