R_init,NR_init,M_init,MR_init,KDM5A_init,H4_init,H0_init,PRC2_init,H27_init,KDM6A_init,KMT_init
6.588723439378912,7.796691686298175e-18,6.5887234393789145,43.41127656062109,218.05638280310544,0.002584626385033866,0.22189730874802976,548.5306987135363,49.77551806486694,1.0025846263850338,1.0413540221605417
