R_init,NR_init,M_init,MR_init,KDM5A_init,H4_init,H0_init,PRC2_init,H27_init,KDM6A_init,KMT_init
6.588723439378913,-7.004038270782327e-17,6.588723439378913,43.41127656062109,44.41127656062109,0.01700721130465084,0.48093333408785605,298.01235672764494,49.50205945460749,1.1870793243511593,1.2721153808744132
