R_init,NR_init,M_init,MR_init,KDM5A_init,H4_init,H0_init,PRC2_init,H27_init,KDM6A_init,KMT_init
6.588723439378914,7.47985603367586e-17,6.588723439378912,43.41127656062109,218.05638280310546,0.0032679871167361077,0.2865495921338804,299.2610945244963,49.71018242074938,1.0522877938677777,1.0196079227004164
