R_init,NR_init,M_init,MR_init,KDM5A_init,H4_init,H0_init,PRC2_init,H27_init,KDM6A_init,KMT_init
6.588723439378914,-1.1020649727634715e-16,6.588723439378912,43.41127656062109,44.41127656062109,0.06491309564569599,1.6805782635582922,49.25450864079601,48.25450864079601,1.389478573874176,1.389478573874176
