R_init,NR_init,M_init,MR_init,KDM5A_init,H4_init,H0_init,PRC2_init,H27_init,KDM6A_init,KMT_init
6.588723439378913,2.782042657565868e-17,6.588723439378913,43.41127656062109,818.2656928044494,0.02868304879183311,7.3148965753222095,683.5027260141753,42.65642037588596,1.1720982927509986,1.3155135367101642
