R_init,NR_init,M_init,MR_init,KDM5A_init,H4_init,H0_init,PRC2_init,H27_init,KDM6A_init,KMT_init
6.588723439378914,1.4681929541932153e-17,6.588723439378912,43.41127656062109,218.05638280310546,0.03376252196979961,3.2747130856775963,47.691524392352605,46.691524392352605,1.3713877416677955,1.3713877416677955
